payment_id,order_id,payment_method,payment_amount,payment_status,payment_datetime
PAY00001,O00001,Credit Card,236896.22,Success,2026-08-01 02:58:13
PAY00002,O00002,UPI,16258.35,Success,2026-06-16 05:22:52
PAY00003,O00003,Net Banking,194700.46,Success,2026-06-28 03:19:53
PAY00004,O00004,Credit Card,19930.69,Success,2026-07-14 15:01:44
PAY00005,O00005,Cash on Delivery,296120.27,Refunded,2026-07-05 10:09:43
PAY00006,O00006,Cash on Delivery,122688.38,Success,2026-05-27 23:56:03
PAY00007,O00007,Debit Card,118204.23,Failed,2026-06-23 04:01:49
PAY00008,O00008,Cash on Delivery,158707.24,Success,2026-08-12 02:27:28
PAY00009,O00009,UPI,142360.2,Success,2026-07-11 18:00:27
PAY00010,O00010,Cash on Delivery,17806.18,Success,2026-06-04 05:22:32
PAY00011,O00011,UPI,26703.67,Success,2026-06-10 12:00:23
PAY00012,O00012,Debit Card,106770.15,Success,2026-05-21 01:53:17
PAY00013,O00013,Credit Card,23660.44,Success,2026-07-24 14:02:57
PAY00014,O00014,Credit Card,43718.22,Success,2026-06-28 02:32:51
PAY00015,O00015,UPI,21085.16,Failed,2026-05-16 22:24:03
PAY00016,O00016,Net Banking,9125.62,Failed,2026-07-06 05:57:43
PAY00017,O00017,UPI,296120.27,Success,2026-08-14 15:12:23
PAY00018,O00018,UPI,39114.65,Success,2026-08-03 01:45:59
PAY00019,O00019,Credit Card,70952.45,Success,2026-07-08 01:08:38
PAY00020,O00020,Debit Card,238316.54,Success,2026-07-22 10:57:11
PAY00021,O00021,Cash on Delivery,13697.59,Failed,2026-07-25 14:51:12
PAY00022,O00022,UPI,6468.3,Success,2026-07-27 19:19:44
PAY00023,O00023,Credit Card,159001.45,Success,2026-07-27 07:52:56
PAY00024,O00024,Debit Card,183653.81,Success,2026-07-20 21:08:15
PAY00025,O00025,Cash on Delivery,19463.28,Success,2026-06-04 21:35:06
PAY00026,O00026,Credit Card,107127.39,Success,2026-06-21 03:09:27
PAY00027,O00027,Cash on Delivery,109446.57,Success,2026-06-27 15:27:20
PAY00028,O00028,Cash on Delivery,7049.44,Success,2026-05-23 13:30:38
PAY00029,O00029,Net Banking,1808.86,Success,2026-07-20 06:14:45
PAY00030,O00030,Cash on Delivery,90030.69,Success,2026-08-14 04:00:41
PAY00031,O00031,Credit Card,152448.74,Success,2026-06-17 19:52:54
PAY00032,O00032,Net Banking,155405.28,Success,2026-07-16 06:31:02
PAY00033,O00033,Net Banking,76043.59,Success,2026-06-16 05:56:11
PAY00034,O00034,Net Banking,9225.32,Success,2026-07-20 04:15:53
PAY00035,O00035,Debit Card,27459.57,Failed,2026-08-07 02:28:43
PAY00036,O00036,UPI,110192.29,Success,2026-05-28 20:51:28
PAY00037,O00037,Net Banking,184700.29,Success,2026-07-25 15:36:32
PAY00038,O00038,UPI,30751.08,Refunded,2026-08-12 03:43:16
PAY00039,O00039,UPI,56227.08,Success,2026-06-14 22:15:41
PAY00040,O00040,Cash on Delivery,98713.38,Success,2026-07-05 00:08:27
PAY00041,O00041,Debit Card,208940.33,Success,2026-06-15 19:08:43
PAY00042,O00042,UPI,34243.97,Success,2026-07-20 12:25:59
PAY00043,O00043,Net Banking,64062.09,Success,2026-06-25 10:05:04
PAY00044,O00044,Cash on Delivery,139063.8,Success,2026-06-17 10:31:16
PAY00045,O00045,UPI,2526.65,Refunded,2026-06-24 20:07:15
PAY00046,O00046,Net Banking,39569.28,Success,2026-07-23 11:04:24
PAY00047,O00047,UPI,112626.03,Success,2026-06-14 11:23:11
PAY00048,O00048,Credit Card,156705.25,Success,2026-07-09 14:20:04
PAY00049,O00049,Net Banking,82378.7,Success,2026-05-29 03:03:43
PAY00050,O00050,Net Banking,71539.0,Success,2026-06-04 09:28:47
PAY00051,O00051,Debit Card,29213.53,Success,2026-06-26 14:10:15
PAY00052,O00052,Cash on Delivery,91785.31,Success,2026-07-20 07:51:28
PAY00053,O00053,UPI,143078.0,Success,2026-06-22 13:55:57
PAY00054,O00054,UPI,174872.88,Success,2026-07-21 12:43:30
PAY00055,O00055,Cash on Delivery,84679.48,Success,2026-07-28 09:44:23
PAY00056,O00056,Debit Card,9516.74,Success,2026-08-12 10:08:57
PAY00057,O00057,Cash on Delivery,34768.58,Success,2026-06-02 15:58:23
PAY00058,O00058,Debit Card,143078.0,Success,2026-07-15 12:42:49
PAY00059,O00059,Net Banking,36941.61,Success,2026-07-11 00:34:16
PAY00060,O00060,Credit Card,24408.5,Failed,2026-06-14 23:43:26
PAY00061,O00061,Debit Card,16297.37,Success,2026-06-25 04:41:01
PAY00062,O00062,Credit Card,93977.04,Success,2026-07-08 23:14:46
PAY00063,O00063,Debit Card,19378.99,Success,2026-08-05 17:10:49
PAY00064,O00064,UPI,43288.32,Success,2026-05-16 19:24:21
PAY00065,O00065,UPI,4121.56,Success,2026-06-15 06:32:23
PAY00066,O00066,UPI,18685.02,Success,2026-06-13 15:01:02
PAY00067,O00067,Cash on Delivery,28985.1,Success,2026-06-06 04:13:16
PAY00068,O00068,Net Banking,261175.41,Success,2026-06-27 12:10:19
PAY00069,O00069,Debit Card,24448.28,Success,2026-08-01 01:24:38
PAY00070,O00070,Debit Card,1185.39,Success,2026-07-12 01:55:20
PAY00071,O00071,Debit Card,35403.93,Success,2026-07-14 16:05:02
PAY00072,O00072,Net Banking,19557.32,Success,2026-07-19 08:02:04
PAY00073,O00073,UPI,124528.65,Success,2026-06-17 01:21:18
PAY00074,O00074,Credit Card,9761.58,Success,2026-06-30 21:57:39
PAY00075,O00075,UPI,9222.42,Success,2026-06-28 15:53:45
PAY00076,O00076,Net Banking,292693.36,Success,2026-06-28 16:46:01
PAY00077,O00077,Credit Card,34851.22,Success,2026-07-21 08:47:08
PAY00078,O00078,Credit Card,34057.18,Success,2026-06-06 12:25:13
PAY00079,O00079,UPI,17701.96,Success,2026-07-05 09:34:54
PAY00080,O00080,UPI,35994.24,Success,2026-07-01 17:03:49
PAY00081,O00081,Cash on Delivery,85775.65,Success,2026-08-01 19:59:51
PAY00082,O00082,Cash on Delivery,34797.56,Success,2026-08-12 06:21:48
PAY00083,O00083,Net Banking,138525.22,Success,2026-08-02 01:19:55
PAY00084,O00084,Credit Card,101632.5,Success,2026-07-27 05:22:28
PAY00085,O00085,UPI,109681.53,Success,2026-06-02 05:52:10
PAY00086,O00086,Net Banking,164498.69,Success,2026-07-19 17:41:36
PAY00087,O00087,Net Banking,173987.82,Success,2026-05-25 00:02:52
PAY00088,O00088,Cash on Delivery,177672.16,Success,2026-06-13 07:43:48
PAY00089,O00089,Cash on Delivery,23640.85,Success,2026-07-05 19:33:00
PAY00090,O00090,Credit Card,6316.62,Success,2026-07-20 05:21:05
PAY00091,O00091,UPI,66507.83,Success,2026-07-17 05:19:08
PAY00092,O00092,Debit Card,70270.48,Success,2026-07-15 21:26:32
PAY00093,O00093,Cash on Delivery,46025.11,Success,2026-06-18 07:30:18
PAY00094,O00094,Credit Card,6487.76,Success,2026-05-25 20:04:04
PAY00095,O00095,Credit Card,47483.14,Success,2026-08-04 05:31:29
PAY00096,O00096,Debit Card,102583.58,Success,2026-07-28 16:44:19
PAY00097,O00097,Credit Card,51085.76,Success,2026-06-08 13:44:36
PAY00098,O00098,Net Banking,12771.44,Success,2026-07-21 02:11:15
PAY00099,O00099,Credit Card,28380.98,Success,2026-06-15 21:47:23
PAY00100,O00100,Debit Card,15493.71,Success,2026-06-07 13:54:38
PAY00101,O00101,Cash on Delivery,12771.44,Success,2026-08-03 01:53:15
PAY00102,O00102,Credit Card,54723.29,Success,2026-06-05 02:27:58
PAY00103,O00103,Net Banking,25822.85,Success,2026-05-31 01:49:10
PAY00104,O00104,Credit Card,16486.22,Success,2026-05-19 03:22:31
PAY00105,O00105,UPI,86386.18,Success,2026-05-21 06:08:44
PAY00106,O00106,Cash on Delivery,257691.78,Success,2026-06-09 12:59:04
PAY00107,O00107,Net Banking,3524.72,Success,2026-07-01 21:36:28
PAY00108,O00108,Net Banking,15439.62,Success,2026-07-15 02:49:53
PAY00109,O00109,Credit Card,60503.09,Success,2026-08-07 06:29:32
PAY00110,O00110,Debit Card,71224.7,Success,2026-07-30 09:10:11
PAY00111,O00111,Debit Card,44167.07,Success,2026-05-23 20:09:43
PAY00112,O00112,Cash on Delivery,172810.38,Success,2026-06-29 23:39:23
PAY00113,O00113,Debit Card,8300.18,Refunded,2026-06-26 00:10:39
PAY00114,O00114,Debit Card,76043.59,Success,2026-08-10 19:18:31
PAY00115,O00115,Cash on Delivery,54919.13,Success,2026-07-16 21:55:10
PAY00116,O00116,Credit Card,97634.02,Success,2026-07-11 15:52:13
PAY00117,O00117,Cash on Delivery,219535.34,Refunded,2026-06-04 15:31:36
PAY00118,O00118,Credit Card,33068.46,Success,2026-07-25 12:19:38
PAY00119,O00119,Net Banking,164522.3,Success,2026-07-23 09:04:58
PAY00120,O00120,Debit Card,54919.13,Success,2026-06-23 01:11:40
PAY00121,O00121,Net Banking,114336.56,Success,2026-07-03 18:26:32
PAY00122,O00122,Cash on Delivery,176668.28,Success,2026-06-24 13:43:07
PAY00123,O00123,Credit Card,678.32,Success,2026-06-09 10:59:05
PAY00124,O00124,Credit Card,40747.14,Success,2026-05-31 02:19:34
PAY00125,O00125,Credit Card,50954.2,Success,2026-07-19 11:11:09
PAY00126,O00126,Net Banking,57995.94,Success,2026-07-22 12:44:10
PAY00127,O00127,Cash on Delivery,125876.15,Success,2026-05-17 07:22:49
PAY00128,O00128,Credit Card,7687.77,Refunded,2026-08-11 10:30:29
PAY00129,O00129,Net Banking,163204.79,Refunded,2026-07-28 16:20:02
PAY00130,O00130,Debit Card,183653.81,Success,2026-08-08 07:25:54
PAY00131,O00131,UPI,40645.88,Success,2026-07-30 12:47:51
PAY00132,O00132,UPI,142360.2,Failed,2026-08-10 17:44:36
PAY00133,O00133,Net Banking,57264.84,Success,2026-05-27 02:49:35
PAY00134,O00134,UPI,7609.77,Success,2026-07-31 08:18:39
PAY00135,O00135,Credit Card,268180.0,Success,2026-06-27 01:07:20
PAY00136,O00136,Net Banking,19404.91,Failed,2026-06-07 00:23:48
PAY00137,O00137,UPI,4121.56,Success,2026-06-02 20:18:20
PAY00138,O00138,Cash on Delivery,89026.21,Success,2026-08-02 20:10:18
PAY00139,O00139,UPI,37756.7,Success,2026-07-23 08:03:07
PAY00140,O00140,Credit Card,12936.61,Success,2026-07-06 01:23:20
PAY00141,O00141,Net Banking,91531.89,Failed,2026-06-30 20:56:22
PAY00142,O00142,Credit Card,33725.29,Success,2026-05-21 15:28:38
PAY00143,O00143,Cash on Delivery,67245.47,Success,2026-07-09 21:18:34
PAY00144,O00144,Net Banking,10574.16,Success,2026-06-09 23:08:02
PAY00145,O00145,Credit Card,68620.52,Success,2026-08-13 20:19:12
PAY00146,O00146,Credit Card,264949.72,Success,2026-08-07 03:13:37
PAY00147,O00147,Credit Card,217646.18,Success,2026-05-28 13:14:45
PAY00148,O00148,Cash on Delivery,37542.01,Success,2026-06-30 02:05:35
PAY00149,O00149,Net Banking,272007.99,Success,2026-05-29 17:09:45
PAY00150,O00150,Net Banking,35709.13,Success,2026-08-02 13:53:45
PAY00151,O00151,UPI,97564.46,Success,2026-06-30 21:09:25
PAY00152,O00152,UPI,129670.18,Refunded,2026-07-20 14:01:43
PAY00153,O00153,Cash on Delivery,231731.75,Success,2026-07-07 08:05:13
PAY00154,O00154,Net Banking,21169.87,Success,2026-07-10 00:51:01
PAY00155,O00155,UPI,93229.3,Success,2026-07-13 13:57:52
PAY00156,O00156,UPI,41172.31,Success,2026-06-16 13:49:04
PAY00157,O00157,Cash on Delivery,2842.48,Success,2026-07-29 02:19:12
PAY00158,O00158,UPI,229059.36,Success,2026-08-11 07:37:58
PAY00159,O00159,Debit Card,84340.62,Success,2026-06-28 17:43:50
PAY00160,O00160,Debit Card,114529.68,Refunded,2026-07-15 06:02:36
PAY00161,O00161,UPI,35769.5,Success,2026-08-03 21:33:46
PAY00162,O00162,Credit Card,34797.56,Success,2026-07-25 14:29:23
PAY00163,O00163,Cash on Delivery,61758.47,Success,2026-08-11 09:01:04
PAY00164,O00164,Cash on Delivery,207338.94,Success,2026-07-04 18:40:42
PAY00165,O00165,UPI,28536.64,Success,2026-06-27 04:50:17
PAY00166,O00166,UPI,140405.42,Success,2026-08-05 09:49:36
PAY00167,O00167,UPI,18470.81,Success,2026-08-12 19:35:05
PAY00168,O00168,Credit Card,20750.44,Success,2026-07-08 23:05:40
PAY00169,O00169,UPI,17806.18,Success,2026-06-29 01:30:51
PAY00170,O00170,Net Banking,2246.0,Success,2026-08-11 21:06:24
PAY00171,O00171,Debit Card,46147.01,Success,2026-06-01 05:19:30
PAY00172,O00172,Credit Card,57531.38,Success,2026-07-27 23:18:10
PAY00173,O00173,Credit Card,39750.36,Success,2026-08-08 09:53:20
PAY00174,O00174,Net Banking,92697.89,Success,2026-07-01 20:31:54
PAY00175,O00175,Credit Card,59341.48,Failed,2026-06-29 11:11:55
PAY00176,O00176,Cash on Delivery,190653.23,Success,2026-06-10 22:25:13
PAY00177,O00177,Credit Card,311705.55,Failed,2026-07-28 18:13:37
PAY00178,O00178,Credit Card,185372.46,Success,2026-06-09 18:34:14
PAY00179,O00179,Debit Card,5926.96,Success,2026-08-06 07:28:57
PAY00180,O00180,Debit Card,207338.94,Success,2026-07-17 16:19:08
PAY00181,O00181,Cash on Delivery,214544.0,Failed,2026-06-12 16:38:33
PAY00182,O00182,Credit Card,219535.34,Success,2026-07-30 02:56:07
PAY00183,O00183,Credit Card,182946.12,Success,2026-07-31 06:34:26
PAY00184,O00184,Debit Card,39569.28,Success,2026-07-06 09:10:36
PAY00185,O00185,Net Banking,8988.04,Success,2026-07-02 19:39:11
PAY00186,O00186,Net Banking,20590.18,Success,2026-07-16 14:53:23
PAY00187,O00187,UPI,174490.14,Success,2026-06-08 23:56:36
PAY00188,O00188,Debit Card,207207.05,Success,2026-06-12 10:19:07
PAY00189,O00189,Cash on Delivery,23012.55,Success,2026-06-28 11:26:15
PAY00190,O00190,UPI,33978.49,Success,2026-05-24 07:00:34
PAY00191,O00191,Credit Card,198384.05,Success,2026-07-25 01:08:25
PAY00192,O00192,UPI,113270.09,Success,2026-06-13 12:15:18
PAY00193,O00193,Credit Card,218893.15,Success,2026-06-08 12:52:11
PAY00194,O00194,Net Banking,15375.54,Success,2026-06-12 03:36:08
PAY00195,O00195,Cash on Delivery,86921.44,Success,2026-06-18 09:02:30
PAY00196,O00196,Credit Card,12975.52,Success,2026-06-16 19:26:15
PAY00197,O00197,Net Banking,78229.3,Success,2026-08-11 11:21:49
PAY00198,O00198,UPI,217606.39,Success,2026-07-08 05:06:22
PAY00199,O00199,Cash on Delivery,32394.82,Success,2026-05-24 14:13:11
PAY00200,O00200,Credit Card,75513.39,Success,2026-05-30 04:53:42
PAY00201,O00201,UPI,152862.6,Success,2026-05-31 09:55:16
PAY00202,O00202,Credit Card,2034.96,Success,2026-06-08 05:20:18
PAY00203,O00203,UPI,109767.67,Success,2026-06-22 22:59:49
PAY00204,O00204,Credit Card,22058.38,Success,2026-07-23 03:28:49
PAY00205,O00205,Debit Card,18592.45,Success,2026-05-31 14:31:20
PAY00206,O00206,Debit Card,58538.67,Success,2026-07-24 08:32:10
PAY00207,O00207,Net Banking,12610.06,Success,2026-06-06 13:00:23
PAY00208,O00208,Debit Card,5615.01,Success,2026-05-23 00:07:27
PAY00209,O00209,Cash on Delivery,108803.2,Success,2026-06-26 01:10:21
PAY00210,O00210,Cash on Delivery,48892.12,Success,2026-06-25 08:14:08
PAY00211,O00211,Credit Card,160155.22,Success,2026-06-17 21:28:11
PAY00212,O00212,Credit Card,75181.63,Success,2026-07-08 10:50:09
PAY00213,O00213,Credit Card,1185.39,Success,2026-07-01 00:08:33
PAY00214,O00214,UPI,71988.48,Success,2026-06-26 03:17:04
PAY00215,O00215,Debit Card,36581.29,Success,2026-05-22 19:32:59
PAY00216,O00216,Debit Card,98713.38,Success,2026-06-05 20:25:09
PAY00217,O00217,UPI,54723.29,Success,2026-08-05 15:14:14
PAY00218,O00218,Debit Card,150771.88,Success,2026-06-26 13:27:56
PAY00219,O00219,Cash on Delivery,11279.1,Success,2026-06-23 14:00:25
PAY00220,O00220,Debit Card,75084.02,Success,2026-08-12 14:53:12
PAY00221,O00221,Cash on Delivery,28881.72,Refunded,2026-07-30 12:12:51
PAY00222,O00222,Debit Card,129670.18,Success,2026-07-12 11:27:50
PAY00223,O00223,Net Banking,52959.23,Success,2026-07-23 07:08:46
PAY00224,O00224,Net Banking,85775.65,Success,2026-05-18 15:58:22
PAY00225,O00225,Debit Card,13015.44,Success,2026-08-07 22:47:26
PAY00226,O00226,Net Banking,182362.4,Success,2026-08-10 06:32:20
PAY00227,O00227,Debit Card,115206.92,Success,2026-07-30 02:25:29
PAY00228,O00228,UPI,33633.89,Success,2026-07-11 15:54:57
PAY00229,O00229,UPI,21801.37,Success,2026-06-22 16:48:44
PAY00230,O00230,Credit Card,54919.13,Success,2026-07-02 01:54:13
PAY00231,O00231,Cash on Delivery,101908.4,Success,2026-05-17 08:11:56
PAY00232,O00232,Credit Card,34408.7,Refunded,2026-06-19 22:07:03
PAY00233,O00233,Debit Card,95224.34,Success,2026-06-14 18:16:41
PAY00234,O00234,Cash on Delivery,79722.75,Success,2026-07-28 22:11:04
PAY00235,O00235,Cash on Delivery,78675.4,Success,2026-06-23 15:11:42
PAY00236,O00236,Cash on Delivery,220835.35,Success,2026-08-07 15:08:17
PAY00237,O00237,UPI,158877.69,Success,2026-08-11 08:08:08
PAY00238,O00238,Net Banking,30751.08,Success,2026-08-05 21:50:57
PAY00239,O00239,UPI,121964.08,Success,2026-06-26 10:51:02
PAY00240,O00240,Cash on Delivery,67450.58,Success,2026-07-08 00:36:18
PAY00241,O00241,Credit Card,19306.79,Success,2026-07-28 08:17:52
PAY00242,O00242,Debit Card,70135.64,Success,2026-07-27 02:16:54
PAY00243,O00243,Debit Card,37202.02,Success,2026-07-08 19:02:26
PAY00244,O00244,Net Banking,103603.52,Success,2026-08-02 10:17:17
PAY00245,O00245,Debit Card,78675.4,Success,2026-07-14 08:08:26
PAY00246,O00246,Debit Card,27164.76,Success,2026-08-11 22:30:44
PAY00247,O00247,UPI,69595.13,Success,2026-06-07 04:21:09
PAY00248,O00248,Net Banking,3203.18,Failed,2026-07-03 04:07:02
PAY00249,O00249,Net Banking,23056.05,Success,2026-06-07 01:44:59
PAY00250,O00250,UPI,63509.61,Success,2026-06-12 06:26:44
PAY00251,O00251,Net Banking,11758.59,Success,2026-06-28 02:01:54
PAY00252,O00252,UPI,32438.8,Success,2026-07-02 22:05:17
PAY00253,O00253,Debit Card,49872.89,Success,2026-05-19 14:05:34
PAY00254,O00254,UPI,259215.57,Failed,2026-06-23 12:33:47
PAY00255,O00255,UPI,29670.74,Success,2026-06-18 09:41:55
PAY00256,O00256,Net Banking,65042.97,Success,2026-07-20 17:02:55
PAY00257,O00257,UPI,48447.48,Success,2026-07-21 16:58:32
PAY00258,O00258,Credit Card,185395.78,Success,2026-08-02 06:16:00
PAY00259,O00259,Cash on Delivery,194303.2,Success,2026-06-25 00:35:11
PAY00260,O00260,UPI,219331.59,Success,2026-07-26 01:55:30
PAY00261,O00261,Cash on Delivery,214544.0,Success,2026-06-01 19:02:32
PAY00262,O00262,UPI,8052.02,Success,2026-08-06 08:58:49
PAY00263,O00263,Net Banking,130587.7,Success,2026-07-01 03:33:29
PAY00264,O00264,UPI,2495.56,Success,2026-08-14 01:08:51
PAY00265,O00265,Credit Card,131457.46,Success,2026-05-29 03:51:16
PAY00266,O00266,UPI,35403.93,Success,2026-07-16 04:25:26
PAY00267,O00267,Debit Card,118236.14,Success,2026-07-07 15:03:30
PAY00268,O00268,Cash on Delivery,28917.13,Success,2026-05-19 09:17:47
PAY00269,O00269,UPI,317601.55,Success,2026-08-12 19:45:27
PAY00270,O00270,Debit Card,169469.54,Success,2026-06-24 00:35:38
PAY00271,O00271,Net Banking,49826.72,Success,2026-07-13 05:40:13
PAY00272,O00272,Cash on Delivery,53407.33,Success,2026-07-10 13:35:20
PAY00273,O00273,Credit Card,140271.28,Success,2026-07-20 03:21:42
PAY00274,O00274,Credit Card,39569.28,Success,2026-05-19 09:36:45
PAY00275,O00275,Debit Card,149618.66,Success,2026-05-24 22:04:19
PAY00276,O00276,UPI,18251.23,Success,2026-07-18 04:10:31
PAY00277,O00277,Debit Card,33725.29,Success,2026-06-27 09:12:01
PAY00278,O00278,Net Banking,15001.97,Success,2026-05-29 22:39:46
PAY00279,O00279,Net Banking,57603.46,Success,2026-08-08 22:22:13
PAY00280,O00280,Debit Card,259008.81,Success,2026-06-30 14:17:44
PAY00281,O00281,Cash on Delivery,12771.44,Success,2026-06-03 09:55:10
PAY00282,O00282,Net Banking,1808.86,Success,2026-05-21 15:37:55
PAY00283,O00283,UPI,178847.5,Failed,2026-06-11 00:40:06
PAY00284,O00284,Debit Card,14581.86,Success,2026-06-22 13:50:10
PAY00285,O00285,Credit Card,12326.74,Success,2026-06-17 13:14:50
PAY00286,O00286,UPI,171794.52,Success,2026-06-06 07:39:52
PAY00287,O00287,Debit Card,60559.35,Refunded,2026-06-29 21:59:11
PAY00288,O00288,Credit Card,35909.47,Refunded,2026-06-17 12:03:58
PAY00289,O00289,Cash on Delivery,51465.39,Failed,2026-06-18 12:53:36
PAY00290,O00290,UPI,122688.38,Success,2026-07-29 16:15:14
PAY00291,O00291,UPI,13582.38,Success,2026-08-10 04:10:12
PAY00292,O00292,UPI,155504.2,Success,2026-06-22 13:53:18
PAY00293,O00293,UPI,99622.92,Success,2026-06-12 18:50:42
PAY00294,O00294,UPI,17806.18,Success,2026-07-28 18:46:12
PAY00295,O00295,UPI,9054.92,Success,2026-08-05 12:59:03
PAY00296,O00296,Cash on Delivery,144408.58,Success,2026-06-26 16:46:39
PAY00297,O00297,Debit Card,288594.2,Success,2026-06-10 06:17:43
PAY00298,O00298,UPI,63310.85,Success,2026-08-05 19:56:37
PAY00299,O00299,Credit Card,79698.34,Success,2026-05-24 17:18:56
PAY00300,O00300,Credit Card,198751.82,Success,2026-07-01 10:21:16
PAY00301,O00301,UPI,89026.21,Success,2026-05-18 15:37:35
PAY00302,O00302,UPI,98593.1,Success,2026-07-28 11:48:47
PAY00303,O00303,Credit Card,5164.57,Success,2026-07-08 03:23:51
PAY00304,O00304,Cash on Delivery,198751.82,Success,2026-05-21 19:49:42
PAY00305,O00305,Debit Card,112110.12,Success,2026-06-19 17:55:37
PAY00306,O00306,Credit Card,71539.0,Success,2026-06-07 12:56:08
PAY00307,O00307,Debit Card,28881.72,Success,2026-07-18 21:24:20
PAY00308,O00308,Net Banking,35994.24,Success,2026-05-23 10:21:09
PAY00309,O00309,Cash on Delivery,59224.05,Success,2026-07-31 14:51:54
PAY00310,O00310,UPI,3919.53,Success,2026-07-19 01:09:31
PAY00311,O00311,UPI,83592.61,Success,2026-05-20 16:16:06
PAY00312,O00312,UPI,2842.48,Success,2026-07-28 23:57:03
PAY00313,O00313,Net Banking,22422.02,Success,2026-05-19 18:45:55
PAY00314,O00314,Net Banking,64559.13,Success,2026-06-09 18:40:19
PAY00315,O00315,Debit Card,143976.96,Success,2026-06-05 03:00:15
PAY00316,O00316,Debit Card,12975.52,Success,2026-08-06 06:00:18
PAY00317,O00317,Credit Card,84734.77,Success,2026-05-18 17:56:56
PAY00318,O00318,Net Banking,28917.13,Success,2026-07-16 02:16:38
PAY00319,O00319,Net Banking,13697.59,Success,2026-05-31 13:32:12
PAY00320,O00320,Net Banking,47663.31,Success,2026-06-08 22:18:37
PAY00321,O00321,Cash on Delivery,221146.1,Success,2026-05-29 00:34:35
PAY00322,O00322,Credit Card,5099.61,Success,2026-07-01 17:56:15
PAY00323,O00323,UPI,155405.28,Success,2026-07-20 18:24:44
PAY00324,O00324,Net Banking,97925.88,Failed,2026-05-27 21:00:25
PAY00325,O00325,Net Banking,155529.34,Success,2026-07-10 12:36:16
PAY00326,O00326,Net Banking,19306.79,Failed,2026-06-06 22:21:16
PAY00327,O00327,Credit Card,10736.02,Failed,2026-06-30 22:04:04
PAY00328,O00328,Credit Card,18592.45,Success,2026-07-23 16:19:54
PAY00329,O00329,Net Banking,187023.33,Success,2026-06-10 15:33:04
PAY00330,O00330,Debit Card,48892.12,Success,2026-07-30 05:27:44
PAY00331,O00331,Cash on Delivery,74741.63,Success,2026-06-21 14:02:54
PAY00332,O00332,Net Banking,19523.16,Success,2026-06-02 01:26:14
PAY00333,O00333,UPI,207207.05,Success,2026-07-14 14:17:33
PAY00334,O00334,Cash on Delivery,69537.15,Success,2026-07-14 17:26:58
PAY00335,O00335,Cash on Delivery,110192.29,Success,2026-07-28 09:15:12
PAY00336,O00336,Net Banking,48962.94,Success,2026-07-25 12:21:14
PAY00337,O00337,Debit Card,12688.99,Success,2026-05-27 21:20:28
PAY00338,O00338,UPI,107308.5,Success,2026-07-31 06:50:48
PAY00339,O00339,UPI,18290.65,Success,2026-08-04 07:34:13
PAY00340,O00340,Credit Card,4611.21,Success,2026-06-01 16:03:44
PAY00341,O00341,Credit Card,156705.25,Refunded,2026-06-15 23:14:00
PAY00342,O00342,Credit Card,177950.25,Success,2026-05-27 06:20:55
PAY00343,O00343,Cash on Delivery,22058.38,Success,2026-07-11 22:53:36
PAY00344,O00344,UPI,155405.28,Success,2026-05-19 06:17:43
PAY00345,O00345,Debit Card,94563.38,Success,2026-06-16 01:22:24
PAY00346,O00346,Cash on Delivery,16816.94,Success,2026-07-11 16:09:50
PAY00347,O00347,Net Banking,32597.71,Success,2026-07-21 12:47:37
PAY00348,O00348,UPI,206447.15,Success,2026-08-12 22:18:52
PAY00349,O00349,Cash on Delivery,27459.57,Success,2026-06-22 04:59:19
PAY00350,O00350,Net Banking,14980.06,Success,2026-06-24 06:43:55
PAY00351,O00351,Net Banking,27164.76,Success,2026-07-25 04:33:55
PAY00352,O00352,Credit Card,230735.05,Failed,2026-06-05 00:36:07
PAY00353,O00353,Debit Card,30879.23,Success,2026-05-24 03:32:41
PAY00354,O00354,Net Banking,135242.19,Success,2026-07-13 06:08:53
PAY00355,O00355,Net Banking,123868.29,Success,2026-07-22 19:42:30
PAY00356,O00356,Credit Card,110192.29,Success,2026-08-05 09:49:56
PAY00357,O00357,Cash on Delivery,6696.97,Success,2026-07-16 16:02:27
PAY00358,O00358,UPI,59341.48,Success,2026-06-09 08:20:25
PAY00359,O00359,Cash on Delivery,47483.14,Refunded,2026-05-26 15:54:27
PAY00360,O00360,Net Banking,84705.42,Success,2026-07-23 11:02:15
PAY00361,O00361,Cash on Delivery,8637.25,Success,2026-07-30 18:28:16
PAY00362,O00362,Net Banking,5099.61,Refunded,2026-06-15 01:11:55
PAY00363,O00363,Cash on Delivery,196244.06,Success,2026-08-07 07:47:13
PAY00364,O00364,Debit Card,115181.57,Success,2026-07-22 04:53:57
PAY00365,O00365,Cash on Delivery,14190.49,Success,2026-07-14 01:31:14
PAY00366,O00366,Credit Card,31076.43,Failed,2026-08-02 23:28:35
PAY00367,O00367,Credit Card,296120.27,Success,2026-05-28 12:32:20
PAY00368,O00368,Net Banking,59341.48,Success,2026-08-02 01:48:14
PAY00369,O00369,Cash on Delivery,40883.41,Success,2026-07-10 17:10:43
PAY00370,O00370,Net Banking,351013.55,Success,2026-07-31 18:07:58
PAY00371,O00371,Debit Card,46348.94,Success,2026-05-20 18:09:29
PAY00372,O00372,UPI,12024.53,Success,2026-06-19 11:30:13
PAY00373,O00373,Credit Card,5838.98,Success,2026-07-07 11:50:48
PAY00374,O00374,Debit Card,24905.73,Success,2026-06-27 08:39:12
PAY00375,O00375,UPI,228673.12,Success,2026-07-19 23:55:00
PAY00376,O00376,Debit Card,215969.05,Success,2026-06-21 17:57:10
PAY00377,O00377,UPI,103219.21,Success,2026-05-23 11:08:28
PAY00378,O00378,Credit Card,139190.26,Success,2026-07-04 21:26:03
PAY00379,O00379,Credit Card,207372.46,Success,2026-07-18 15:20:43
PAY00380,O00380,UPI,12688.99,Success,2026-06-18 21:35:11
PAY00381,O00381,Cash on Delivery,227953.0,Success,2026-05-17 23:56:30
PAY00382,O00382,Debit Card,94670.77,Success,2026-08-07 06:06:53
PAY00383,O00383,Credit Card,71180.1,Success,2026-06-26 13:16:05
PAY00384,O00384,Credit Card,75513.39,Refunded,2026-08-04 14:37:48
PAY00385,O00385,Cash on Delivery,103686.23,Success,2026-07-03 08:42:46
PAY00386,O00386,UPI,141334.62,Success,2026-05-27 00:23:01
PAY00387,O00387,Debit Card,182362.4,Success,2026-06-27 20:38:34
PAY00388,O00388,UPI,3348.48,Success,2026-06-20 22:25:10
PAY00389,O00389,Debit Card,11984.05,Success,2026-07-17 11:28:51
PAY00390,O00390,Cash on Delivery,9731.64,Success,2026-08-11 07:58:50
PAY00391,O00391,Cash on Delivery,22415.16,Success,2026-08-05 05:29:17
PAY00392,O00392,Net Banking,3014.76,Refunded,2026-06-30 09:43:50
PAY00393,O00393,UPI,76155.37,Failed,2026-07-24 10:36:31
PAY00394,O00394,UPI,3580.03,Success,2026-05-31 14:57:19
PAY00395,O00395,Credit Card,44515.44,Success,2026-06-28 01:13:07
PAY00396,O00396,UPI,194700.46,Success,2026-06-02 20:53:20
PAY00397,O00397,Net Banking,63369.66,Success,2026-07-27 00:19:38
PAY00398,O00398,Debit Card,35590.05,Success,2026-07-06 10:13:05
PAY00399,O00399,Net Banking,32279.57,Success,2026-07-18 22:08:09
PAY00400,O00400,Credit Card,159001.45,Success,2026-06-11 23:47:52
PAY00401,O00401,Credit Card,275685.16,Refunded,2026-07-15 13:38:24
PAY00402,O00402,Net Banking,30786.73,Success,2026-08-03 05:42:03
PAY00403,O00403,Debit Card,91741.92,Success,2026-08-14 01:19:29
PAY00404,O00404,Debit Card,245376.76,Success,2026-07-08 00:29:38
PAY00405,O00405,Credit Card,164321.83,Success,2026-07-30 23:30:20
PAY00406,O00406,Net Banking,85775.65,Success,2026-07-02 17:05:28
PAY00407,O00407,UPI,63050.32,Success,2026-06-30 21:41:40
PAY00408,O00408,Debit Card,30751.08,Success,2026-06-28 01:25:20
PAY00409,O00409,UPI,21169.87,Success,2026-08-04 22:33:40
PAY00410,O00410,Credit Card,13141.95,Success,2026-07-26 17:52:29
PAY00411,O00411,Cash on Delivery,161974.08,Success,2026-07-13 07:01:34
PAY00412,O00412,Debit Card,210608.13,Success,2026-06-11 19:52:01
PAY00413,O00413,Cash on Delivery,135188.61,Success,2026-06-17 01:29:03
PAY00414,O00414,Cash on Delivery,34518.83,Success,2026-08-07 11:05:44
PAY00415,O00415,Credit Card,91785.31,Success,2026-06-09 14:30:19
PAY00416,O00416,Credit Card,71818.95,Success,2026-08-05 10:12:13
PAY00417,O00417,Net Banking,8712.81,Failed,2026-05-25 04:23:58
PAY00418,O00418,Credit Card,114065.39,Failed,2026-06-12 20:24:36
PAY00419,O00419,Credit Card,64130.84,Success,2026-08-10 08:48:35
PAY00420,O00420,Cash on Delivery,11713.9,Success,2026-06-29 12:54:18
PAY00421,O00421,UPI,155529.34,Success,2026-06-09 10:42:11
PAY00422,O00422,UPI,168325.54,Failed,2026-07-28 15:11:48
PAY00423,O00423,Credit Card,2034.96,Refunded,2026-06-30 21:18:34
PAY00424,O00424,Net Banking,174116.94,Success,2026-07-11 02:18:22
PAY00425,O00425,UPI,254771.0,Success,2026-07-15 00:38:10
PAY00426,O00426,UPI,164169.86,Success,2026-07-20 15:27:08
PAY00427,O00427,UPI,9474.93,Success,2026-06-22 13:34:09
PAY00428,O00428,UPI,290194.9,Success,2026-06-18 10:19:16
PAY00429,O00429,UPI,39114.65,Success,2026-05-19 13:20:10
PAY00430,O00430,UPI,169892.45,Success,2026-07-03 18:16:40
PAY00431,O00431,Credit Card,18450.65,Success,2026-08-07 09:19:26
PAY00432,O00432,Debit Card,1356.64,Success,2026-06-17 07:47:53
PAY00433,O00433,Cash on Delivery,122322.56,Success,2026-06-03 10:10:40
PAY00434,O00434,UPI,2148.02,Failed,2026-07-03 02:32:02
PAY00435,O00435,Net Banking,96838.7,Failed,2026-06-06 08:44:07
PAY00436,O00436,Cash on Delivery,21801.37,Success,2026-06-20 05:15:44
PAY00437,O00437,Net Banking,123581.64,Success,2026-08-02 05:32:39
PAY00438,O00438,Credit Card,22422.02,Success,2026-06-10 20:27:54
PAY00439,O00439,UPI,35709.13,Refunded,2026-06-18 19:30:26
PAY00440,O00440,UPI,38757.98,Success,2026-06-12 22:06:42
PAY00441,O00441,Credit Card,21085.16,Success,2026-08-10 05:45:16
PAY00442,O00442,Debit Card,99653.44,Success,2026-07-13 15:36:07
PAY00443,O00443,Cash on Delivery,32065.42,Success,2026-07-23 20:20:12
PAY00444,O00444,Credit Card,12326.74,Failed,2026-08-10 05:15:32
PAY00445,O00445,UPI,131154.66,Success,2026-06-12 14:12:45
PAY00446,O00446,UPI,35403.93,Success,2026-07-09 17:32:50
PAY00447,O00447,Net Banking,18742.36,Success,2026-05-17 18:06:50
PAY00448,O00448,Debit Card,40883.41,Success,2026-07-05 22:17:20
PAY00449,O00449,Credit Card,190653.23,Success,2026-06-04 07:39:14
PAY00450,O00450,Debit Card,5615.01,Success,2026-05-25 01:57:10
PAY00451,O00451,UPI,16298.86,Success,2026-06-09 04:51:38
PAY00452,O00452,Debit Card,99568.79,Success,2026-07-25 16:21:21
PAY00453,O00453,Cash on Delivery,54723.29,Success,2026-06-25 05:30:23
PAY00454,O00454,Net Banking,3687.71,Success,2026-07-03 04:55:45
PAY00455,O00455,UPI,97571.26,Success,2026-07-09 16:06:52
PAY00456,O00456,Net Banking,28795.39,Success,2026-07-29 09:06:43
PAY00457,O00457,UPI,3158.31,Success,2026-06-09 02:27:20
PAY00458,O00458,Debit Card,74741.63,Success,2026-07-22 19:41:48
PAY00459,O00459,Cash on Delivery,19324.84,Success,2026-07-01 23:50:15
PAY00460,O00460,Debit Card,173798.81,Success,2026-07-18 11:31:23
PAY00461,O00461,UPI,231731.75,Success,2026-07-24 21:10:23
PAY00462,O00462,Cash on Delivery,63255.46,Success,2026-07-03 10:09:24
PAY00463,O00463,Net Banking,61021.26,Success,2026-06-29 06:46:57
PAY00464,O00464,UPI,187710.05,Success,2026-08-01 18:07:40
PAY00465,O00465,Credit Card,3348.48,Success,2026-05-18 10:38:23
PAY00466,O00466,Net Banking,152975.52,Success,2026-05-25 19:17:25
PAY00467,O00467,Net Banking,238316.54,Success,2026-06-14 08:04:43
PAY00468,O00468,Credit Card,17806.18,Success,2026-06-07 06:49:02
PAY00469,O00469,Cash on Delivery,45274.6,Success,2026-06-25 00:46:59
PAY00470,O00470,Cash on Delivery,16718.52,Success,2026-07-22 22:26:28
PAY00471,O00471,Debit Card,59341.48,Success,2026-06-09 09:24:08
PAY00472,O00472,Net Banking,118448.11,Success,2026-06-15 11:58:19
PAY00473,O00473,Credit Card,30751.08,Success,2026-07-20 05:35:57
PAY00474,O00474,UPI,101908.4,Success,2026-07-12 05:34:58
PAY00475,O00475,Debit Card,71224.7,Success,2026-06-21 14:20:24
PAY00476,O00476,Cash on Delivery,19557.32,Success,2026-07-01 17:14:13
PAY00477,O00477,UPI,107728.42,Success,2026-07-09 12:08:44
PAY00478,O00478,Credit Card,117139.75,Success,2026-07-07 07:35:52
PAY00479,O00479,Credit Card,117077.35,Success,2026-06-19 03:28:23
PAY00480,O00480,Debit Card,160908.0,Success,2026-06-27 01:57:21
PAY00481,O00481,Debit Card,42571.47,Success,2026-07-28 04:36:56
PAY00482,O00482,Cash on Delivery,25732.7,Success,2026-07-09 04:57:30
PAY00483,O00483,Net Banking,20546.38,Success,2026-06-17 21:15:35
PAY00484,O00484,Debit Card,34549.0,Success,2026-06-19 22:14:17
PAY00485,O00485,Credit Card,58327.44,Success,2026-07-24 00:13:51
PAY00486,O00486,UPI,3014.76,Success,2026-06-29 19:45:48
PAY00487,O00487,UPI,3688.97,Failed,2026-06-12 01:44:28
PAY00488,O00488,Cash on Delivery,12936.61,Success,2026-06-15 12:56:37
PAY00489,O00489,Debit Card,32516.7,Success,2026-06-10 04:16:23
PAY00490,O00490,Credit Card,177672.16,Success,2026-06-08 03:39:10
PAY00491,O00491,UPI,155840.87,Success,2026-05-28 11:36:31
PAY00492,O00492,Credit Card,12936.61,Success,2026-07-25 19:10:28
PAY00493,O00493,Cash on Delivery,147226.06,Success,2026-06-04 11:12:51
PAY00494,O00494,Cash on Delivery,119251.09,Success,2026-06-16 09:44:25
PAY00495,O00495,Net Banking,41172.31,Success,2026-05-28 09:02:34
PAY00496,O00496,Net Banking,207787.82,Refunded,2026-07-27 21:29:55
PAY00497,O00497,UPI,136771.8,Success,2026-07-07 19:06:49
PAY00498,O00498,Credit Card,207787.82,Success,2026-07-29 18:29:26
PAY00499,O00499,Cash on Delivery,1921.91,Success,2026-07-22 18:39:28
PAY00500,O00500,Net Banking,1281.27,Success,2026-06-03 17:53:26
PAY00501,O00501,Debit Card,57717.76,Success,2026-06-04 08:46:59
PAY00502,O00502,UPI,15791.55,Refunded,2026-06-06 18:40:22
PAY00503,O00503,Credit Card,203816.8,Success,2026-07-27 11:32:01
PAY00504,O00504,Credit Card,135188.61,Success,2026-07-02 18:43:29
PAY00505,O00505,Cash on Delivery,63509.61,Success,2026-06-12 14:45:03
PAY00506,O00506,Debit Card,9125.62,Refunded,2026-07-26 02:51:56
PAY00507,O00507,Debit Card,74741.63,Success,2026-07-13 00:17:50
PAY00508,O00508,Debit Card,15791.55,Success,2026-07-29 13:52:23
PAY00509,O00509,UPI,108803.2,Success,2026-07-06 16:57:10
PAY00510,O00510,Cash on Delivery,4026.01,Success,2026-07-13 17:05:00
PAY00511,O00511,Net Banking,103219.21,Success,2026-06-13 05:53:42
PAY00512,O00512,Credit Card,150771.88,Success,2026-05-26 12:42:11
PAY00513,O00513,Debit Card,29163.72,Success,2026-08-05 14:37:29
PAY00514,O00514,UPI,13697.59,Success,2026-06-04 14:47:13
PAY00515,O00515,Cash on Delivery,15439.62,Success,2026-06-14 12:45:52
PAY00516,O00516,Cash on Delivery,38663.96,Success,2026-06-07 20:32:04
PAY00517,O00517,Credit Card,100622.54,Success,2026-06-20 19:22:26
PAY00518,O00518,Debit Card,122042.52,Success,2026-06-03 04:35:21
PAY00519,O00519,Net Banking,36185.75,Success,2026-06-15 02:47:41
PAY00520,O00520,Net Banking,3181.84,Failed,2026-05-18 03:25:42
PAY00521,O00521,Debit Card,261175.41,Success,2026-07-24 12:15:46
PAY00522,O00522,UPI,18470.81,Failed,2026-07-07 15:05:06
PAY00523,O00523,Net Banking,9001.18,Success,2026-05-29 01:25:11
PAY00524,O00524,Cash on Delivery,18470.81,Failed,2026-06-12 09:39:07
PAY00525,O00525,Net Banking,63529.07,Success,2026-05-21 04:31:10
PAY00526,O00526,UPI,66136.92,Success,2026-05-22 01:30:54
PAY00527,O00527,Cash on Delivery,32031.04,Success,2026-07-09 11:52:48
PAY00528,O00528,UPI,46147.01,Failed,2026-06-14 03:11:16
PAY00529,O00529,UPI,61931.53,Success,2026-07-23 11:33:38
PAY00530,O00530,Credit Card,11029.19,Refunded,2026-05-29 00:42:46
PAY00531,O00531,UPI,39337.7,Success,2026-07-17 16:48:15
PAY00532,O00532,Debit Card,197332.53,Success,2026-08-09 02:07:17
PAY00533,O00533,Net Banking,2526.65,Success,2026-07-28 20:35:35
PAY00534,O00534,Net Banking,36730.76,Failed,2026-07-03 10:17:25
PAY00535,O00535,Cash on Delivery,65191.08,Success,2026-05-26 17:30:24
PAY00536,O00536,UPI,91785.31,Success,2026-08-09 12:02:40
PAY00537,O00537,Cash on Delivery,32594.75,Success,2026-05-17 23:02:26
PAY00538,O00538,Cash on Delivery,155405.28,Success,2026-07-11 12:07:36
PAY00539,O00539,Cash on Delivery,129579.26,Success,2026-06-13 09:01:08
PAY00540,O00540,Net Banking,14493.63,Success,2026-07-01 08:14:03
PAY00541,O00541,Cash on Delivery,33725.29,Success,2026-07-02 05:56:42
PAY00542,O00542,Cash on Delivery,50155.57,Success,2026-06-28 12:49:37
PAY00543,O00543,Cash on Delivery,34768.58,Success,2026-06-18 20:21:45
PAY00544,O00544,Net Banking,74404.03,Success,2026-06-03 16:03:31
PAY00545,O00545,Cash on Delivery,11984.05,Success,2026-05-21 18:10:36
PAY00546,O00546,Cash on Delivery,10161.47,Success,2026-06-10 06:46:39
PAY00547,O00547,Credit Card,27448.21,Success,2026-08-08 10:25:13
PAY00548,O00548,Net Banking,24223.74,Success,2026-07-02 03:38:59
PAY00549,O00549,Credit Card,259734.78,Success,2026-05-27 20:18:09
PAY00550,O00550,Net Banking,52959.23,Refunded,2026-08-04 14:07:42
PAY00551,O00551,Cash on Delivery,61758.47,Success,2026-05-23 02:43:17
PAY00552,O00552,Credit Card,18450.65,Success,2026-06-24 16:10:34
PAY00553,O00553,Net Banking,103686.23,Success,2026-07-03 12:18:46
PAY00554,O00554,UPI,46082.77,Success,2026-05-23 23:05:03
PAY00555,O00555,Debit Card,93711.8,Success,2026-07-11 19:01:01
PAY00556,O00556,Credit Card,39827.52,Success,2026-07-16 21:10:30
PAY00557,O00557,Debit Card,66136.92,Success,2026-07-22 10:00:25
PAY00558,O00558,Credit Card,25031.48,Success,2026-05-21 23:22:42
PAY00559,O00559,Debit Card,231744.72,Success,2026-05-31 12:00:35
PAY00560,O00560,Credit Card,40134.12,Success,2026-05-31 06:06:57
PAY00561,O00561,Cash on Delivery,251556.34,Refunded,2026-08-03 12:33:29
PAY00562,O00562,Cash on Delivery,97925.88,Success,2026-07-10 09:58:17
PAY00563,O00563,Debit Card,37830.19,Success,2026-06-15 06:26:54
PAY00564,O00564,Cash on Delivery,254081.24,Success,2026-05-25 00:56:46
PAY00565,O00565,Net Banking,155405.28,Success,2026-06-09 20:47:13
PAY00566,O00566,Cash on Delivery,95054.49,Success,2026-05-28 06:28:20
PAY00567,O00567,UPI,19324.84,Success,2026-07-09 22:51:52
PAY00568,O00568,Debit Card,99568.79,Success,2026-07-29 23:44:33
PAY00569,O00569,Credit Card,84084.72,Success,2026-06-26 04:12:57
PAY00570,O00570,Cash on Delivery,19463.28,Success,2026-07-14 15:16:58
PAY00571,O00571,Net Banking,92793.5,Failed,2026-07-13 15:32:11
PAY00572,O00572,Net Banking,75084.02,Success,2026-08-01 13:01:11
PAY00573,O00573,Debit Card,40055.5,Success,2026-07-15 19:28:46
PAY00574,O00574,Credit Card,1060.61,Success,2026-06-07 16:20:57
PAY00575,O00575,Net Banking,105688.49,Success,2026-07-31 01:57:26
PAY00576,O00576,UPI,63122.08,Success,2026-07-06 12:08:33
PAY00577,O00577,Cash on Delivery,207372.46,Success,2026-06-22 16:48:19
PAY00578,O00578,Debit Card,147795.18,Success,2026-06-29 12:14:06
PAY00579,O00579,Credit Card,207207.05,Success,2026-08-12 23:25:44
PAY00580,O00580,Debit Card,59224.05,Success,2026-06-28 18:04:29
PAY00581,O00581,UPI,53636.0,Refunded,2026-06-14 15:20:35
PAY00582,O00582,Cash on Delivery,40442.9,Success,2026-08-08 06:47:37
PAY00583,O00583,UPI,9516.74,Success,2026-07-12 21:49:23
PAY00584,O00584,Credit Card,109838.27,Success,2026-06-27 09:42:22
PAY00585,O00585,Net Banking,288594.2,Success,2026-06-15 10:02:52
PAY00586,O00586,UPI,29163.72,Success,2026-07-10 23:27:46
PAY00587,O00587,Net Banking,260171.88,Success,2026-07-16 01:33:31
PAY00588,O00588,Cash on Delivery,54401.6,Success,2026-05-22 14:48:25
PAY00589,O00589,Debit Card,308954.11,Success,2026-07-14 23:00:11
PAY00590,O00590,Debit Card,2411.81,Success,2026-07-27 14:59:36
PAY00591,O00591,UPI,24905.73,Success,2026-05-26 09:41:28
PAY00592,O00592,Debit Card,268180.0,Success,2026-07-29 19:45:59
PAY00593,O00593,UPI,182946.12,Success,2026-06-05 22:38:28
PAY00594,O00594,Credit Card,37202.02,Success,2026-07-16 12:00:57
PAY00595,O00595,UPI,3904.63,Success,2026-06-06 06:11:04
PAY00596,O00596,UPI,75094.45,Success,2026-06-11 11:07:49
PAY00597,O00597,Debit Card,38021.8,Success,2026-07-19 21:22:09
PAY00598,O00598,UPI,58496.82,Success,2026-05-24 15:38:26
PAY00599,O00599,Debit Card,268180.0,Failed,2026-06-01 00:25:47
PAY00600,O00600,Debit Card,11677.97,Success,2026-06-09 01:23:11
PAY00601,O00601,Credit Card,54883.84,Success,2026-06-02 15:28:30
PAY00602,O00602,Debit Card,52989.94,Success,2026-07-09 08:41:43
PAY00603,O00603,Cash on Delivery,21801.37,Success,2026-05-24 01:22:26
PAY00604,O00604,Credit Card,16600.36,Success,2026-05-31 23:12:27
PAY00605,O00605,UPI,27420.38,Success,2026-05-17 00:41:42
PAY00606,O00606,Debit Card,103893.91,Success,2026-06-25 10:22:30
PAY00607,O00607,UPI,210406.92,Success,2026-06-29 12:12:35
PAY00608,O00608,Debit Card,10295.09,Success,2026-07-22 16:48:41
PAY00609,O00609,Cash on Delivery,218893.15,Success,2026-07-13 10:08:26
PAY00610,O00610,UPI,5514.6,Success,2026-07-01 09:26:08
PAY00611,O00611,Debit Card,38021.8,Refunded,2026-06-14 01:08:37
PAY00612,O00612,Cash on Delivery,86955.3,Success,2026-05-19 22:30:59
PAY00613,O00613,Debit Card,217646.18,Success,2026-06-08 05:50:20
PAY00614,O00614,UPI,29761.61,Success,2026-06-13 17:47:35
PAY00615,O00615,Net Banking,36185.75,Success,2026-07-24 09:47:12
PAY00616,O00616,Credit Card,196301.41,Success,2026-06-13 05:14:30
PAY00617,O00617,Debit Card,146242.04,Success,2026-07-24 00:32:24
PAY00618,O00618,UPI,245376.76,Success,2026-08-08 05:29:20
PAY00619,O00619,Debit Card,156705.25,Success,2026-06-29 20:25:47
PAY00620,O00620,Debit Card,105849.35,Success,2026-05-23 16:19:16
PAY00621,O00621,Credit Card,12450.27,Success,2026-07-22 12:10:59
PAY00622,O00622,Debit Card,12450.27,Success,2026-06-08 10:22:37
PAY00623,O00623,UPI,96544.8,Success,2026-08-14 11:19:44
PAY00624,O00624,UPI,17570.96,Refunded,2026-06-11 10:55:02
PAY00625,O00625,Cash on Delivery,201135.0,Success,2026-08-01 06:13:57
PAY00626,O00626,UPI,25498.05,Success,2026-08-01 14:12:04
PAY00627,O00627,Net Banking,2994.67,Success,2026-07-16 10:57:03
PAY00628,O00628,Net Banking,112214.0,Success,2026-07-13 00:46:10
PAY00629,O00629,Credit Card,158975.56,Success,2026-07-19 23:07:42
PAY00630,O00630,Debit Card,220835.35,Success,2026-08-02 19:41:46
PAY00631,O00631,Debit Card,6087.82,Success,2026-06-04 23:24:44
PAY00632,O00632,Net Banking,317601.55,Success,2026-06-27 01:06:21
PAY00633,O00633,Cash on Delivery,131457.46,Success,2026-05-27 21:54:30
PAY00634,O00634,UPI,35590.05,Success,2026-07-08 15:22:57
PAY00635,O00635,Cash on Delivery,9653.4,Success,2026-06-07 14:18:15
PAY00636,O00636,UPI,59523.23,Success,2026-07-18 15:33:30
PAY00637,O00637,Debit Card,8053.69,Success,2026-05-31 05:37:50
PAY00638,O00638,Credit Card,41719.14,Success,2026-08-12 23:12:44
PAY00639,O00639,Cash on Delivery,2034.96,Success,2026-06-11 13:25:43
PAY00640,O00640,Cash on Delivery,314064.76,Success,2026-08-05 00:39:01
PAY00641,O00641,Debit Card,39750.36,Success,2026-05-30 13:53:41
PAY00642,O00642,Net Banking,15493.71,Refunded,2026-05-23 16:51:26
PAY00643,O00643,UPI,29761.61,Success,2026-05-22 13:25:37
PAY00644,O00644,Cash on Delivery,1281.27,Failed,2026-06-01 21:05:18
PAY00645,O00645,Debit Card,23355.94,Success,2026-08-01 17:25:07
PAY00646,O00646,Net Banking,178545.64,Success,2026-06-15 15:14:51
PAY00647,O00647,Debit Card,264796.15,Success,2026-07-13 13:00:48
PAY00648,O00648,Credit Card,56374.41,Success,2026-07-28 11:39:29
PAY00649,O00649,UPI,99622.92,Success,2026-08-04 19:04:45
PAY00650,O00650,UPI,4150.09,Success,2026-07-11 00:48:31
PAY00651,O00651,Net Banking,30580.64,Success,2026-08-14 04:59:40
PAY00652,O00652,Debit Card,19930.69,Success,2026-06-13 18:58:18
PAY00653,O00653,Debit Card,129118.26,Refunded,2026-06-28 09:45:43
PAY00654,O00654,UPI,131154.66,Success,2026-05-28 20:13:31
PAY00655,O00655,Cash on Delivery,9145.32,Success,2026-07-01 06:36:20
PAY00656,O00656,Net Banking,10375.22,Success,2026-07-22 15:11:46
PAY00657,O00657,Cash on Delivery,242879.0,Success,2026-06-15 07:02:38
PAY00658,O00658,Cash on Delivery,142360.2,Failed,2026-07-23 16:57:28
PAY00659,O00659,Net Banking,152975.52,Success,2026-06-24 20:22:23
PAY00660,O00660,Debit Card,45693.22,Success,2026-06-12 04:50:23
PAY00661,O00661,Net Banking,70283.85,Refunded,2026-07-04 08:38:41
PAY00662,O00662,UPI,137297.84,Success,2026-07-08 04:42:30
PAY00663,O00663,Net Banking,211959.77,Success,2026-07-03 17:05:11
PAY00664,O00664,Credit Card,37830.19,Success,2026-06-28 06:30:44
PAY00665,O00665,Cash on Delivery,14581.86,Success,2026-05-24 13:54:12
PAY00666,O00666,Credit Card,70981.33,Success,2026-07-13 19:59:12
PAY00667,O00667,Cash on Delivery,52989.94,Success,2026-05-20 15:20:33
PAY00668,O00668,Credit Card,229059.36,Failed,2026-08-11 02:57:56
PAY00669,O00669,UPI,32031.04,Success,2026-06-27 17:09:36
PAY00670,O00670,Cash on Delivery,109681.53,Success,2026-07-27 02:02:54
PAY00671,O00671,Debit Card,149618.66,Success,2026-06-17 01:31:26
PAY00672,O00672,Debit Card,21801.37,Success,2026-07-14 09:12:54
PAY00673,O00673,Net Banking,55625.52,Success,2026-06-10 01:51:35
PAY00674,O00674,UPI,54503.42,Success,2026-05-19 06:43:47
PAY00675,O00675,Cash on Delivery,28108.19,Success,2026-05-25 15:16:02
PAY00676,O00676,Debit Card,59523.23,Refunded,2026-06-07 23:53:34
PAY00677,O00677,Net Banking,142989.92,Success,2026-07-21 05:41:21
PAY00678,O00678,Credit Card,220835.35,Success,2026-08-05 22:23:06
PAY00679,O00679,Debit Card,4611.21,Success,2026-08-08 07:36:35
PAY00680,O00680,UPI,184588.04,Success,2026-07-11 14:46:16
PAY00681,O00681,Net Banking,68620.52,Success,2026-07-12 18:33:21
PAY00682,O00682,Credit Card,31415.04,Success,2026-05-18 18:48:02
PAY00683,O00683,Net Banking,173798.81,Success,2026-07-30 00:28:52
PAY00684,O00684,UPI,2261.07,Success,2026-07-21 00:59:23
PAY00685,O00685,Net Banking,50311.27,Success,2026-08-04 12:30:37
PAY00686,O00686,Credit Card,161976.79,Success,2026-06-11 22:27:59
PAY00687,O00687,UPI,84340.62,Success,2026-07-11 17:12:47
PAY00688,O00688,Credit Card,154655.84,Success,2026-05-20 16:12:24
PAY00689,O00689,Cash on Delivery,114065.39,Success,2026-07-29 20:37:59
PAY00690,O00690,Net Banking,20373.57,Success,2026-07-29 04:41:39
PAY00691,O00691,UPI,146025.34,Success,2026-06-02 18:41:03
PAY00692,O00692,Debit Card,147226.06,Success,2026-07-01 10:48:23
PAY00693,O00693,Cash on Delivery,30439.08,Success,2026-07-06 03:44:01
PAY00694,O00694,Cash on Delivery,292693.36,Success,2026-07-19 00:35:14
PAY00695,O00695,Credit Card,32801.15,Success,2026-06-28 16:55:46
PAY00696,O00696,Credit Card,15707.52,Success,2026-08-13 17:03:52
PAY00697,O00697,Debit Card,135046.04,Success,2026-06-12 18:36:43
PAY00698,O00698,Credit Card,48575.8,Success,2026-06-03 09:21:38
PAY00699,O00699,Net Banking,52844.24,Success,2026-07-12 14:22:37
PAY00700,O00700,Net Banking,198751.82,Success,2026-06-28 02:08:45
PAY00701,O00701,Debit Card,54503.42,Failed,2026-07-17 09:36:57
PAY00702,O00702,Cash on Delivery,67266.07,Success,2026-08-03 19:47:18
PAY00703,O00703,UPI,2368.73,Success,2026-07-03 12:15:51
PAY00704,O00704,Cash on Delivery,27459.57,Failed,2026-05-25 15:04:13
PAY00705,O00705,Net Banking,1507.38,Success,2026-07-01 09:39:49
PAY00706,O00706,Debit Card,39743.89,Success,2026-06-19 13:16:05
PAY00707,O00707,Debit Card,151026.78,Success,2026-06-25 09:58:49
PAY00708,O00708,UPI,34310.26,Success,2026-06-18 03:07:30
PAY00709,O00709,UPI,105881.78,Success,2026-06-16 22:34:48
PAY00710,O00710,Cash on Delivery,5684.96,Success,2026-07-20 19:59:04
PAY00711,O00711,Cash on Delivery,54919.13,Failed,2026-05-26 22:11:44
PAY00712,O00712,Cash on Delivery,3524.72,Success,2026-08-08 01:07:23
PAY00713,O00713,Net Banking,13015.44,Success,2026-06-01 09:12:33
PAY00714,O00714,Credit Card,171504.84,Success,2026-06-17 18:57:30
PAY00715,O00715,Debit Card,1808.86,Success,2026-06-25 17:39:46
PAY00716,O00716,UPI,6000.79,Success,2026-07-23 02:50:13
PAY00717,O00717,Credit Card,2034.96,Refunded,2026-07-03 20:59:12
PAY00718,O00718,Cash on Delivery,288594.2,Success,2026-06-13 18:03:23
PAY00719,O00719,Credit Card,34057.18,Success,2026-07-20 02:23:30
PAY00720,O00720,Cash on Delivery,13627.8,Success,2026-06-24 15:34:53
PAY00721,O00721,Credit Card,183653.81,Success,2026-08-03 18:12:23
PAY00722,O00722,Credit Card,160155.22,Success,2026-07-29 14:33:11
PAY00723,O00723,Debit Card,112075.78,Success,2026-07-09 04:16:41
PAY00724,O00724,Debit Card,13217.7,Success,2026-05-20 07:58:14
PAY00725,O00725,Net Banking,8637.25,Success,2026-06-29 22:16:53
PAY00726,O00726,UPI,30816.86,Success,2026-05-25 07:39:16
PAY00727,O00727,Net Banking,86645.15,Success,2026-06-16 07:20:18
PAY00728,O00728,Net Banking,32597.71,Success,2026-06-10 06:35:32
PAY00729,O00729,Cash on Delivery,230875.36,Success,2026-06-17 03:44:34
PAY00730,O00730,UPI,63122.08,Success,2026-05-28 00:34:37
PAY00731,O00731,UPI,71180.1,Success,2026-07-30 18:37:38
PAY00732,O00732,UPI,1432.01,Success,2026-06-25 00:15:23
PAY00733,O00733,Credit Card,152903.2,Success,2026-08-08 17:50:52
PAY00734,O00734,Debit Card,34732.48,Success,2026-07-05 17:33:23
PAY00735,O00735,Cash on Delivery,7839.06,Success,2026-08-04 20:40:47
PAY00736,O00736,Debit Card,10329.14,Success,2026-05-16 21:08:32
PAY00737,O00737,Credit Card,132501.21,Refunded,2026-07-19 14:55:12
PAY00738,O00738,Net Banking,131154.66,Failed,2026-08-09 04:14:00
PAY00739,O00739,Credit Card,6696.97,Success,2026-07-08 10:47:41
PAY00740,O00740,Net Banking,164651.51,Success,2026-06-30 14:56:35
PAY00741,O00741,Debit Card,7930.62,Success,2026-06-25 21:23:48
PAY00742,O00742,Credit Card,27572.98,Success,2026-05-22 00:45:53
PAY00743,O00743,Cash on Delivery,97786.62,Success,2026-06-03 23:33:33
PAY00744,O00744,Debit Card,30462.15,Success,2026-07-06 02:30:41
PAY00745,O00745,Credit Card,36901.3,Success,2026-06-20 21:28:02
PAY00746,O00746,Credit Card,126244.15,Success,2026-07-16 05:18:08
PAY00747,O00747,Net Banking,207787.82,Success,2026-07-29 05:06:02
PAY00748,O00748,Net Banking,14581.86,Success,2026-07-04 04:02:00
PAY00749,O00749,Credit Card,112217.02,Refunded,2026-07-16 11:46:05
PAY00750,O00750,Net Banking,194303.2,Success,2026-06-28 16:29:25
PAY00751,O00751,Credit Card,86955.3,Success,2026-07-29 13:21:59
PAY00752,O00752,Debit Card,164169.86,Success,2026-05-21 18:43:27
PAY00753,O00753,Debit Card,158877.69,Success,2026-06-05 12:47:07
PAY00754,O00754,Cash on Delivery,12936.61,Success,2026-06-11 16:44:47
PAY00755,O00755,Net Banking,30439.08,Success,2026-07-09 02:14:05
PAY00756,O00756,UPI,44642.42,Success,2026-05-29 11:44:35
PAY00757,O00757,Credit Card,565.27,Success,2026-06-13 17:37:00
PAY00758,O00758,UPI,63050.32,Success,2026-06-28 07:20:41
PAY00759,O00759,Debit Card,193089.6,Success,2026-08-10 06:58:53
PAY00760,O00760,Debit Card,219535.34,Success,2026-07-23 13:30:02
PAY00761,O00761,Debit Card,10106.59,Success,2026-07-02 19:55:14
PAY00762,O00762,Cash on Delivery,45409.57,Success,2026-05-28 13:24:12
PAY00763,O00763,UPI,13015.44,Success,2026-05-19 13:43:51
PAY00764,O00764,Debit Card,3904.63,Success,2026-07-16 22:31:06
PAY00765,O00765,Debit Card,173798.81,Success,2026-07-14 21:14:02
PAY00766,O00766,Cash on Delivery,96544.8,Success,2026-08-02 08:59:46
PAY00767,O00767,Net Banking,25934.04,Failed,2026-06-09 00:03:49
PAY00768,O00768,Net Banking,160155.22,Success,2026-07-24 16:22:26
PAY00769,O00769,UPI,221692.77,Success,2026-06-01 03:30:29
PAY00770,O00770,Cash on Delivery,28985.1,Success,2026-06-15 22:33:38
PAY00771,O00771,UPI,6487.76,Success,2026-07-09 06:00:29
PAY00772,O00772,UPI,16742.42,Failed,2026-05-18 02:19:26
PAY00773,O00773,Net Banking,93229.3,Success,2026-07-09 09:17:57
PAY00774,O00774,Debit Card,6344.5,Success,2026-06-25 09:08:50
PAY00775,O00775,Debit Card,238316.54,Success,2026-05-25 19:39:12
PAY00776,O00776,UPI,95326.61,Success,2026-06-07 14:03:02
PAY00777,O00777,UPI,15678.11,Success,2026-08-06 11:04:39
PAY00778,O00778,Cash on Delivery,77198.09,Success,2026-08-13 09:44:27
PAY00779,O00779,Cash on Delivery,48892.12,Success,2026-05-27 18:50:37
PAY00780,O00780,Net Banking,60982.04,Success,2026-06-30 13:42:42
PAY00781,O00781,Net Banking,280542.56,Success,2026-05-28 04:10:34
PAY00782,O00782,Net Banking,87436.44,Failed,2026-07-18 15:43:59
PAY00783,O00783,UPI,33782.31,Success,2026-08-05 13:29:39
PAY00784,O00784,UPI,251556.34,Success,2026-05-31 17:14:20
PAY00785,O00785,Cash on Delivery,15493.71,Success,2026-07-04 03:45:33
PAY00786,O00786,UPI,12394.97,Success,2026-07-25 08:16:01
PAY00787,O00787,Net Banking,44167.07,Failed,2026-06-14 02:32:49
PAY00788,O00788,Cash on Delivery,73461.52,Success,2026-07-05 04:13:04
PAY00789,O00789,UPI,92697.89,Failed,2026-07-24 06:11:18
PAY00790,O00790,Cash on Delivery,67266.07,Success,2026-06-12 07:35:11
PAY00791,O00791,Credit Card,67245.47,Success,2026-06-26 02:37:22
PAY00792,O00792,UPI,99622.92,Success,2026-08-05 19:30:28
PAY00793,O00793,UPI,10250.36,Success,2026-07-02 14:45:56
PAY00794,O00794,Cash on Delivery,184700.29,Success,2026-07-01 14:48:43
PAY00795,O00795,Credit Card,65189.49,Success,2026-06-09 10:23:40
PAY00796,O00796,Cash on Delivery,15791.55,Success,2026-06-30 02:50:59
PAY00797,O00797,Debit Card,63520.31,Success,2026-07-09 07:00:03
PAY00798,O00798,Debit Card,75385.94,Success,2026-05-30 19:30:01
PAY00799,O00799,Credit Card,49061.01,Success,2026-06-23 00:16:49
PAY00800,O00800,Debit Card,211232.2,Refunded,2026-06-04 06:36:52
PAY00801,O00801,Net Banking,208940.33,Success,2026-08-14 06:34:07
PAY00802,O00802,Net Banking,89688.1,Failed,2026-07-13 23:06:40
PAY00803,O00803,Cash on Delivery,40645.88,Failed,2026-07-05 02:44:50
PAY00804,O00804,Cash on Delivery,46025.11,Success,2026-07-28 05:26:52
PAY00805,O00805,Cash on Delivery,35769.5,Success,2026-08-10 03:26:20
PAY00806,O00806,Credit Card,296120.27,Success,2026-05-30 00:32:51
PAY00807,O00807,Debit Card,13141.95,Success,2026-08-08 15:47:20
PAY00808,O00808,Debit Card,87058.47,Success,2026-05-23 13:07:46
PAY00809,O00809,Debit Card,165859.57,Success,2026-06-12 14:09:48
PAY00810,O00810,UPI,143976.96,Success,2026-07-30 18:55:25
PAY00811,O00811,Cash on Delivery,20607.78,Success,2026-08-01 11:18:29
PAY00812,O00812,Cash on Delivery,232155.92,Success,2026-08-07 17:23:07
PAY00813,O00813,Cash on Delivery,201245.07,Success,2026-06-26 01:20:46
PAY00814,O00814,Debit Card,246665.67,Success,2026-06-18 18:25:37
PAY00815,O00815,Net Banking,142836.52,Success,2026-08-01 05:58:29
PAY00816,O00816,Cash on Delivery,118338.46,Success,2026-07-05 01:34:29
PAY00817,O00817,Debit Card,18592.45,Success,2026-06-11 17:01:03
PAY00818,O00818,Cash on Delivery,103603.52,Success,2026-08-04 10:28:44
PAY00819,O00819,Cash on Delivery,93711.8,Success,2026-05-17 00:26:15
PAY00820,O00820,Credit Card,1185.39,Success,2026-06-13 05:31:22
PAY00821,O00821,Credit Card,182946.12,Success,2026-07-26 06:16:54
PAY00822,O00822,Debit Card,1060.61,Success,2026-06-14 18:08:44
PAY00823,O00823,UPI,151257.71,Success,2026-08-06 01:55:14
PAY00824,O00824,UPI,10199.22,Success,2026-07-12 18:07:27
PAY00825,O00825,Credit Card,39750.36,Success,2026-07-12 01:46:46
PAY00826,O00826,UPI,40055.5,Success,2026-07-19 20:14:01
PAY00827,O00827,UPI,24351.26,Success,2026-07-03 07:24:17
PAY00828,O00828,Net Banking,196301.41,Success,2026-08-08 18:39:48
PAY00829,O00829,Cash on Delivery,160536.47,Success,2026-05-31 04:42:45
PAY00830,O00830,Debit Card,146242.04,Success,2026-06-29 02:59:28
PAY00831,O00831,Net Banking,196301.41,Success,2026-07-08 01:26:38
PAY00832,O00832,Net Banking,224428.0,Success,2026-07-02 19:03:27
PAY00833,O00833,Credit Card,155405.28,Success,2026-06-19 06:39:26
PAY00834,O00834,Credit Card,219535.34,Success,2026-06-18 01:06:05
PAY00835,O00835,Credit Card,14835.37,Success,2026-07-09 08:31:15
PAY00836,O00836,Debit Card,57168.28,Success,2026-07-29 20:04:56
PAY00837,O00837,Credit Card,146242.04,Success,2026-07-08 12:44:38
PAY00838,O00838,Net Banking,71539.0,Success,2026-06-22 09:25:24
PAY00839,O00839,Credit Card,31415.04,Success,2026-06-29 23:29:24
PAY00840,O00840,Cash on Delivery,20546.38,Success,2026-06-17 00:15:21
PAY00841,O00841,Debit Card,117139.75,Success,2026-08-09 04:46:44
PAY00842,O00842,Credit Card,5639.55,Success,2026-06-04 02:03:07
PAY00843,O00843,UPI,95326.61,Success,2026-07-23 11:44:57
PAY00844,O00844,Cash on Delivery,129579.26,Success,2026-06-08 22:55:03
PAY00845,O00845,Credit Card,152862.6,Success,2026-07-11 06:50:43
PAY00846,O00846,Credit Card,85817.6,Success,2026-06-22 22:50:49
PAY00847,O00847,UPI,32702.05,Success,2026-06-08 10:42:00
PAY00848,O00848,Credit Card,295590.36,Refunded,2026-08-07 21:06:54
PAY00849,O00849,Debit Card,325214.85,Success,2026-07-31 01:36:35
PAY00850,O00850,Cash on Delivery,245305.07,Success,2026-06-25 15:38:08
PAY00851,O00851,Debit Card,6487.76,Success,2026-05-21 00:09:57
PAY00852,O00852,Net Banking,64130.84,Success,2026-06-16 15:51:53
PAY00853,O00853,UPI,34518.83,Success,2026-07-28 01:44:56
PAY00854,O00854,UPI,207787.82,Success,2026-07-01 16:34:29
PAY00855,O00855,Net Banking,90030.69,Failed,2026-07-24 05:45:37
PAY00856,O00856,Net Banking,640.64,Success,2026-08-13 10:54:24
PAY00857,O00857,Net Banking,37756.7,Success,2026-08-03 13:10:48
PAY00858,O00858,Net Banking,63529.07,Refunded,2026-06-22 18:47:35
PAY00859,O00859,Net Banking,65042.97,Success,2026-06-23 06:05:20
PAY00860,O00860,Debit Card,30879.23,Success,2026-07-20 04:58:02
PAY00861,O00861,UPI,63050.32,Success,2026-08-01 16:52:16
PAY00862,O00862,UPI,206153.42,Success,2026-08-04 10:56:26
PAY00863,O00863,Net Banking,86645.15,Success,2026-07-19 01:46:28
PAY00864,O00864,Credit Card,48575.8,Success,2026-05-31 12:53:28
PAY00865,O00865,UPI,120402.35,Success,2026-07-03 20:39:34
PAY00866,O00866,Cash on Delivery,8459.33,Success,2026-05-20 08:43:20
PAY00867,O00867,UPI,34194.53,Failed,2026-05-29 00:38:07
PAY00868,O00868,Credit Card,49826.72,Success,2026-07-04 12:53:00
PAY00869,O00869,Credit Card,4492.01,Success,2026-07-13 01:40:49
PAY00870,O00870,Cash on Delivery,218112.68,Success,2026-06-18 00:03:50
PAY00871,O00871,Debit Card,1921.91,Success,2026-08-09 05:00:32
PAY00872,O00872,UPI,10329.14,Success,2026-05-26 12:19:36
PAY00873,O00873,UPI,179971.2,Success,2026-08-09 15:28:17
PAY00874,O00874,Debit Card,16534.23,Success,2026-08-06 19:32:41
PAY00875,O00875,Credit Card,68389.06,Success,2026-06-28 12:26:53
PAY00876,O00876,Cash on Delivery,23355.94,Success,2026-05-26 10:48:19
PAY00877,O00877,Cash on Delivery,97571.26,Success,2026-07-06 20:00:54
PAY00878,O00878,Debit Card,123581.64,Failed,2026-08-13 03:56:35
PAY00879,O00879,Debit Card,29670.74,Success,2026-06-30 03:10:47
PAY00880,O00880,Cash on Delivery,91785.31,Success,2026-05-18 06:13:21
PAY00881,O00881,UPI,97571.26,Success,2026-07-25 21:52:35
PAY00882,O00882,Credit Card,935.84,Success,2026-05-30 18:22:00
PAY00883,O00883,UPI,62003.36,Failed,2026-06-25 13:46:46
PAY00884,O00884,Net Banking,125876.15,Success,2026-08-09 07:52:52
PAY00885,O00885,Credit Card,70807.86,Success,2026-07-19 08:12:40
PAY00886,O00886,Credit Card,182802.55,Success,2026-05-31 18:08:52
PAY00887,O00887,Credit Card,21949.42,Success,2026-05-24 00:49:21
PAY00888,O00888,Credit Card,21801.37,Success,2026-07-01 08:27:09
PAY00889,O00889,Debit Card,18450.65,Success,2026-07-31 15:32:46
PAY00890,O00890,Net Banking,219535.34,Success,2026-06-11 12:00:29
PAY00891,O00891,UPI,260171.88,Success,2026-06-18 15:21:54
PAY00892,O00892,UPI,43460.72,Success,2026-07-16 06:45:35
PAY00893,O00893,Cash on Delivery,160908.0,Success,2026-07-23 00:34:44
PAY00894,O00894,UPI,274419.18,Success,2026-06-24 08:39:48
PAY00895,O00895,Cash on Delivery,34310.26,Success,2026-07-18 20:41:21
PAY00896,O00896,UPI,16742.42,Success,2026-05-24 13:36:30
PAY00897,O00897,Debit Card,160155.22,Success,2026-08-07 11:13:02
PAY00898,O00898,Net Banking,39861.38,Success,2026-06-17 16:04:24
PAY00899,O00899,Cash on Delivery,135913.96,Refunded,2026-08-07 12:33:34
PAY00900,O00900,Net Banking,26703.67,Success,2026-07-21 05:49:37
PAY00901,O00901,Cash on Delivery,48817.01,Success,2026-08-08 04:52:21
PAY00902,O00902,Cash on Delivery,190653.23,Success,2026-07-07 13:53:25
PAY00903,O00903,Debit Card,155504.2,Failed,2026-06-22 15:56:46
PAY00904,O00904,Credit Card,263008.65,Success,2026-06-16 12:20:03
PAY00905,O00905,Cash on Delivery,88334.14,Success,2026-07-16 15:00:29
PAY00906,O00906,UPI,163584.51,Success,2026-07-25 13:11:35
PAY00907,O00907,Debit Card,26454.77,Success,2026-08-10 22:20:32
PAY00908,O00908,UPI,7375.42,Success,2026-07-29 11:59:41
PAY00909,O00909,Credit Card,12111.87,Success,2026-07-03 03:27:37
PAY00910,O00910,Debit Card,118204.23,Success,2026-08-09 11:15:36
PAY00911,O00911,Debit Card,49872.89,Success,2026-07-08 07:07:08
PAY00912,O00912,Credit Card,173662.42,Success,2026-05-20 06:06:40
PAY00913,O00913,Debit Card,15707.52,Success,2026-07-15 17:14:42
PAY00914,O00914,Debit Card,17155.13,Success,2026-05-23 09:53:31
PAY00915,O00915,Credit Card,207372.46,Failed,2026-06-08 13:30:52
PAY00916,O00916,UPI,31076.43,Success,2026-07-17 01:10:19
PAY00917,O00917,Debit Card,273616.44,Success,2026-07-22 05:13:36
PAY00918,O00918,Cash on Delivery,103686.23,Success,2026-08-14 04:22:50
PAY00919,O00919,Net Banking,257691.78,Success,2026-06-13 16:06:06
PAY00920,O00920,Credit Card,128124.18,Success,2026-06-07 20:32:30
PAY00921,O00921,Net Banking,17353.92,Success,2026-07-28 06:33:07
PAY00922,O00922,UPI,142360.2,Success,2026-05-25 13:03:33
PAY00923,O00923,Debit Card,39861.38,Success,2026-06-27 21:41:13
PAY00924,O00924,UPI,21949.42,Success,2026-05-26 07:50:57
PAY00925,O00925,UPI,16297.37,Success,2026-07-29 14:15:00
PAY00926,O00926,Cash on Delivery,152975.52,Success,2026-07-17 07:11:59
PAY00927,O00927,Net Banking,168911.53,Failed,2026-07-24 02:38:41
PAY00928,O00928,UPI,57264.84,Success,2026-08-09 11:43:02
PAY00929,O00929,Credit Card,3158.31,Success,2026-05-26 12:39:32
PAY00930,O00930,Net Banking,46348.94,Success,2026-06-28 20:18:22
PAY00931,O00931,Credit Card,11063.12,Success,2026-06-01 22:07:05
PAY00932,O00932,Credit Card,48675.11,Success,2026-07-23 03:36:00
PAY00933,O00933,Cash on Delivery,14487.87,Success,2026-06-14 20:16:00
PAY00934,O00934,Debit Card,83917.43,Success,2026-08-12 11:35:27
PAY00935,O00935,Debit Card,177672.16,Success,2026-05-19 13:54:44
PAY00936,O00936,Credit Card,71224.7,Success,2026-05-21 05:37:37
PAY00937,O00937,Credit Card,66769.66,Success,2026-06-17 06:18:28
PAY00938,O00938,UPI,51465.39,Success,2026-08-02 01:36:32
PAY00939,O00939,UPI,25542.88,Success,2026-05-22 05:13:39
PAY00940,O00940,Credit Card,9516.74,Success,2026-06-14 06:03:24
PAY00941,O00941,Cash on Delivery,64062.09,Success,2026-06-20 13:44:25
PAY00942,O00942,Net Banking,122380.42,Success,2026-06-22 03:54:11
PAY00943,O00943,Net Banking,3768.45,Success,2026-06-27 14:01:59
PAY00944,O00944,Debit Card,22256.55,Success,2026-05-30 21:39:44
PAY00945,O00945,Net Banking,21176.36,Success,2026-06-09 11:28:53
PAY00946,O00946,Cash on Delivery,333144.29,Success,2026-07-07 08:10:03
PAY00947,O00947,Credit Card,89026.21,Success,2026-06-25 18:36:37
PAY00948,O00948,Debit Card,25822.85,Success,2026-07-10 17:10:05
PAY00949,O00949,Credit Card,3470.78,Success,2026-07-21 23:10:13
PAY00950,O00950,Credit Card,68620.52,Refunded,2026-08-01 17:09:52
PAY00951,O00951,Debit Card,8779.77,Failed,2026-06-03 06:01:23
PAY00952,O00952,Cash on Delivery,34549.0,Success,2026-06-02 06:33:03
PAY00953,O00953,Cash on Delivery,2996.01,Success,2026-06-02 18:24:05
PAY00954,O00954,Cash on Delivery,45274.6,Success,2026-05-24 10:28:11
PAY00955,O00955,Cash on Delivery,30439.08,Success,2026-07-14 22:40:44
PAY00956,O00956,Credit Card,15678.11,Failed,2026-08-09 07:39:49
PAY00957,O00957,Credit Card,155504.2,Success,2026-06-22 21:51:11
PAY00958,O00958,Credit Card,32597.71,Success,2026-07-15 22:29:24
PAY00959,O00959,Cash on Delivery,3743.34,Success,2026-07-22 02:16:45
PAY00960,O00960,Cash on Delivery,174116.94,Success,2026-06-09 03:38:03
PAY00961,O00961,Debit Card,45693.22,Refunded,2026-07-04 02:06:32
PAY00962,O00962,Net Banking,37542.01,Success,2026-08-13 09:30:21
PAY00963,O00963,Credit Card,89660.63,Success,2026-07-12 09:18:53
PAY00964,O00964,Net Banking,152553.15,Success,2026-05-30 15:56:55
PAY00965,O00965,Credit Card,81792.26,Refunded,2026-06-08 07:29:54
PAY00966,O00966,UPI,37370.81,Success,2026-06-30 13:01:02
PAY00967,O00967,UPI,93427.04,Failed,2026-07-17 16:53:08
PAY00968,O00968,Cash on Delivery,135129.23,Success,2026-06-10 10:16:13
PAY00969,O00969,Debit Card,103893.91,Success,2026-06-30 09:20:13
PAY00970,O00970,Net Banking,51538.36,Success,2026-06-10 13:24:52
PAY00971,O00971,Credit Card,140271.28,Success,2026-07-20 12:18:42
PAY00972,O00972,Net Banking,3524.72,Success,2026-05-17 16:21:28
PAY00973,O00973,UPI,42162.29,Success,2026-08-12 01:04:08
PAY00974,O00974,Credit Card,67564.61,Success,2026-08-02 21:23:28
PAY00975,O00975,Cash on Delivery,64789.63,Failed,2026-06-30 22:34:44
PAY00976,O00976,UPI,58538.67,Success,2026-08-12 06:25:49
PAY00977,O00977,Credit Card,8637.25,Refunded,2026-06-13 16:41:26
PAY00978,O00978,UPI,10161.47,Success,2026-07-21 13:24:29
PAY00979,O00979,UPI,259215.57,Success,2026-07-08 20:07:34
PAY00980,O00980,UPI,89272.82,Success,2026-06-01 02:34:12
PAY00981,O00981,Debit Card,143637.9,Success,2026-05-23 22:34:15
PAY00982,O00982,Credit Card,14755.87,Success,2026-06-28 15:45:54
PAY00983,O00983,Cash on Delivery,5514.6,Success,2026-06-19 07:41:11
PAY00984,O00984,Credit Card,135913.96,Success,2026-07-12 19:36:05
PAY00985,O00985,Net Banking,57590.78,Success,2026-06-14 19:32:24
PAY00986,O00986,Credit Card,42571.47,Success,2026-07-17 19:17:43
PAY00987,O00987,Net Banking,4906.34,Refunded,2026-06-26 23:10:18
PAY00988,O00988,Cash on Delivery,298076.47,Success,2026-07-22 19:00:26
PAY00989,O00989,Net Banking,112626.03,Success,2026-06-10 01:13:52
PAY00990,O00990,Debit Card,44642.42,Success,2026-06-30 02:57:53
PAY00991,O00991,Credit Card,14581.86,Success,2026-08-06 20:09:40
PAY00992,O00992,Cash on Delivery,120402.35,Success,2026-06-15 02:27:17
PAY00993,O00993,UPI,84705.42,Success,2026-06-05 02:40:10
PAY00994,O00994,Cash on Delivery,42339.74,Success,2026-06-23 02:51:37
PAY00995,O00995,Net Banking,156705.25,Success,2026-08-07 14:52:33
PAY00996,O00996,Debit Card,8300.18,Success,2026-07-02 16:25:00
PAY00997,O00997,Debit Card,60344.29,Success,2026-05-27 02:58:49
PAY00998,O00998,Credit Card,45736.53,Success,2026-06-08 19:11:22
PAY00999,O00999,Credit Card,178845.88,Failed,2026-06-22 19:06:12
PAY01000,O01000,Credit Card,3687.71,Success,2026-07-11 07:08:12
