return_id,order_id,product_id,return_reason,refund_amount,return_date
R0001,O00006,P035,Changed Mind,122688.38,2026-06-01 23:56:03
R0002,O00025,P016,Damaged,19463.28,2026-06-17 21:35:06
R0003,O00026,P032,Wrong Product,107127.39,2026-07-06 03:09:27
R0004,O00030,P015,Late Delivery,90030.69,2026-08-19 04:00:41
R0005,O00036,P034,Late Delivery,110192.29,2026-06-07 20:51:28
R0006,O00039,P028,Wrong Size,56227.08,2026-06-23 22:15:41
R0007,O00048,P019,Wrong Product,156705.25,2026-07-17 14:20:04
R0008,O00061,P023,Wrong Size,16297.37,2026-07-01 04:41:01
R0009,O00070,P004,Damaged,1185.39,2026-07-24 01:55:20
R0010,O00078,P044,Late Delivery,34057.18,2026-06-12 12:25:13
R0011,O00081,P023,Damaged,85775.65,2026-08-16 19:59:51
R0012,O00082,P034,Damaged,34797.56,2026-08-31 06:21:48
R0013,O00086,P021,Wrong Product,164498.69,2026-07-23 17:41:36
R0014,O00088,P045,Wrong Size,177672.16,2026-06-24 07:43:48
R0015,O00094,P016,Quality Issue,6487.76,2026-06-05 20:04:04
R0016,O00106,P020,Quality Issue,257691.78,2026-06-14 12:59:04
R0017,O00108,P023,Late Delivery,15439.62,2026-07-19 02:49:53
R0018,O00111,P029,Damaged,44167.07,2026-05-27 20:09:43
R0019,O00114,P017,Quality Issue,76043.59,2026-08-26 19:18:31
R0020,O00120,P040,Changed Mind,54919.13,2026-06-30 01:11:40
R0021,O00122,P029,Changed Mind,176668.28,2026-06-29 13:43:07
R0022,O00123,P022,Quality Issue,678.32,2026-06-21 10:59:05
R0023,O00125,P011,Quality Issue,50954.2,2026-07-25 11:11:09
R0024,O00138,P028,Changed Mind,89026.21,2026-08-19 20:10:18
R0025,O00139,P033,Damaged,37756.7,2026-07-29 08:03:07
R0026,O00140,P038,Quality Issue,12936.61,2026-07-09 01:23:20
R0027,O00146,P045,Wrong Size,264949.72,2026-08-18 03:13:37
R0028,O00148,P029,Wrong Product,37542.01,2026-07-15 02:05:35
R0029,O00162,P034,Wrong Size,34797.56,2026-08-01 14:29:23
R0030,O00163,P023,Changed Mind,61758.47,2026-08-25 09:01:04
R0031,O00170,P004,Quality Issue,2246.0,2026-08-14 21:06:24
R0032,O00183,P042,Wrong Size,182946.12,2026-08-06 06:34:26
R0033,O00205,P018,Quality Issue,18592.45,2026-06-08 14:31:20
R0034,O00210,P023,Late Delivery,48892.12,2026-07-04 08:14:08
R0035,O00224,P023,Wrong Size,85775.65,2026-06-06 15:58:22
R0036,O00228,P009,Quality Issue,33633.89,2026-07-28 15:54:57
R0037,O00238,P003,Late Delivery,30751.08,2026-08-18 21:50:57
R0038,O00243,P031,Late Delivery,37202.02,2026-07-23 19:02:26
R0039,O00255,P006,Quality Issue,29670.74,2026-06-21 09:41:55
R0040,O00258,P035,Quality Issue,185395.78,2026-08-13 06:16:00
R0041,O00261,P011,Wrong Product,214544.0,2026-06-12 19:02:32
R0042,O00262,P037,Damaged,8052.02,2026-08-12 08:58:49
R0043,O00269,P007,Damaged,317601.55,2026-08-31 19:45:27
R0044,O00280,P035,Wrong Size,259008.81,2026-07-09 14:17:44
R0045,O00285,P016,Late Delivery,12326.74,2026-07-01 13:14:50
R0046,O00293,P047,Wrong Product,99622.92,2026-06-19 18:50:42
R0047,O00299,P047,Quality Issue,79698.34,2026-06-08 17:18:56
R0048,O00301,P028,Wrong Size,89026.21,2026-05-23 15:37:35
R0049,O00318,P038,Late Delivery,28917.13,2026-07-30 02:16:38
R0050,O00319,P038,Late Delivery,13697.59,2026-06-18 13:32:12
R0051,O00320,P015,Late Delivery,47663.31,2026-06-13 22:18:37
R0052,O00324,P005,Changed Mind,97925.88,2026-05-31 21:00:25
R0053,O00325,P005,Changed Mind,155529.34,2026-07-17 12:36:16
R0054,O00326,P027,Damaged,19306.79,2026-06-12 22:21:16
R0055,O00344,P035,Quality Issue,155405.28,2026-05-30 06:17:43
R0056,O00347,P014,Wrong Product,32597.71,2026-07-31 12:47:37
R0057,O00353,P023,Changed Mind,30879.23,2026-06-06 03:32:41
R0058,O00356,P034,Late Delivery,110192.29,2026-08-14 09:49:56
R0059,O00358,P006,Quality Issue,59341.48,2026-06-18 08:20:25
R0060,O00363,P021,Damaged,196244.06,2026-08-18 07:47:13
R0061,O00374,P047,Wrong Product,24905.73,2026-07-12 08:39:12
R0062,O00376,P007,Wrong Size,215969.05,2026-07-09 17:57:10
R0063,O00380,P026,Quality Issue,12688.99,2026-06-22 21:35:11
R0064,O00403,P041,Quality Issue,91741.92,2026-09-02 01:19:29
R0065,O00416,P017,Late Delivery,71818.95,2026-08-12 10:12:13
R0066,O00420,P024,Wrong Product,11713.9,2026-07-18 12:54:18
R0067,O00429,P008,Wrong Product,39114.65,2026-05-30 13:20:10
R0068,O00436,P025,Late Delivery,21801.37,2026-07-02 05:15:44
R0069,O00443,P043,Damaged,32065.42,2026-08-04 20:20:12
R0070,O00454,P024,Changed Mind,3687.71,2026-07-06 04:55:45
R0071,O00455,P042,Wrong Size,97571.26,2026-07-26 16:06:52
R0072,O00461,P042,Quality Issue,231731.75,2026-08-02 21:10:23
R0073,O00488,P038,Changed Mind,12936.61,2026-06-18 12:56:37
R0074,O00490,P045,Wrong Size,177672.16,2026-06-20 03:39:10
R0075,O00504,P017,Late Delivery,135188.61,2026-07-12 18:43:29
R0076,O00508,P030,Wrong Size,15791.55,2026-08-10 13:52:23
R0077,O00525,P049,Damaged,63529.07,2026-06-05 04:31:10
R0078,O00542,P046,Changed Mind,50155.57,2026-07-07 12:49:37
R0079,O00545,P026,Changed Mind,11984.05,2026-06-04 18:10:36
R0080,O00573,P006,Wrong Size,40055.5,2026-08-01 19:28:46
R0081,O00579,P035,Wrong Product,207207.05,2026-08-31 23:25:44
R0082,O00583,P026,Damaged,9516.74,2026-07-23 21:49:23
R0083,O00586,P023,Late Delivery,29163.72,2026-07-23 23:27:46
R0084,O00593,P042,Quality Issue,182946.12,2026-06-23 22:38:28
R0085,O00596,P001,Late Delivery,75094.45,2026-06-14 11:07:49
R0086,O00597,P017,Damaged,38021.8,2026-07-29 21:22:09
R0087,O00604,P048,Damaged,16600.36,2026-06-18 23:12:27
R0088,O00617,P002,Wrong Size,146242.04,2026-08-10 00:32:24
R0089,O00619,P019,Late Delivery,156705.25,2026-07-10 20:25:47
R0090,O00637,P030,Wrong Product,8053.69,2026-06-19 05:37:50
R0091,O00647,P015,Changed Mind,264796.15,2026-07-31 13:00:48
R0092,O00657,P013,Late Delivery,242879.0,2026-06-27 07:02:38
R0093,O00663,P045,Changed Mind,211959.77,2026-07-15 17:05:11
R0094,O00664,P006,Wrong Size,37830.19,2026-07-08 06:30:44
R0095,O00666,P047,Quality Issue,70981.33,2026-07-16 19:59:12
R0096,O00671,P045,Wrong Size,149618.66,2026-06-26 01:31:26
R0097,O00679,P048,Damaged,4611.21,2026-08-15 07:36:35
R0098,O00680,P013,Damaged,184588.04,2026-07-24 14:46:16
R0099,O00689,P017,Wrong Size,114065.39,2026-08-11 20:37:59
R0100,O00693,P038,Quality Issue,30439.08,2026-07-23 03:44:01
R0101,O00694,P036,Damaged,292693.36,2026-07-30 00:35:14
R0102,O00710,P030,Wrong Size,5684.96,2026-08-01 19:59:04
R0103,O00711,P040,Late Delivery,54919.13,2026-05-30 22:11:44
R0104,O00734,P002,Wrong Product,34732.48,2026-07-17 17:33:23
R0105,O00744,P043,Wrong Product,30462.15,2026-07-24 02:30:41
R0106,O00745,P003,Damaged,36901.3,2026-07-09 21:28:02
R0107,O00760,P042,Changed Mind,219535.34,2026-08-04 13:30:02
R0108,O00761,P030,Quality Issue,10106.59,2026-07-20 19:55:14
R0109,O00768,P050,Quality Issue,160155.22,2026-08-08 16:22:26
R0110,O00770,P040,Wrong Size,28985.1,2026-06-18 22:33:38
R0111,O00772,P026,Wrong Size,16742.42,2026-05-22 02:19:26
R0112,O00779,P023,Late Delivery,48892.12,2026-06-12 18:50:37
R0113,O00791,P047,Quality Issue,67245.47,2026-07-10 02:37:22
R0114,O00805,P033,Wrong Size,35769.5,2026-08-19 03:26:20
R0115,O00808,P019,Wrong Product,87058.47,2026-05-27 13:07:46
R0116,O00809,P036,Damaged,165859.57,2026-06-19 14:09:48
R0117,O00813,P015,Quality Issue,201245.07,2026-07-12 01:20:46
R0118,O00817,P018,Changed Mind,18592.45,2026-06-15 17:01:03
R0119,O00836,P007,Late Delivery,57168.28,2026-08-05 20:04:56
R0120,O00854,P021,Changed Mind,207787.82,2026-07-08 16:34:29
R0121,O00863,P041,Quality Issue,86645.15,2026-07-30 01:46:28
R0122,O00865,P017,Quality Issue,120402.35,2026-07-20 20:39:34
R0123,O00882,P004,Late Delivery,935.84,2026-06-18 18:22:00
R0124,O00888,P025,Wrong Product,21801.37,2026-07-08 08:27:09
R0125,O00889,P003,Quality Issue,18450.65,2026-08-05 15:32:46
R0126,O00890,P042,Changed Mind,219535.34,2026-06-21 12:00:29
R0127,O00897,P050,Wrong Size,160155.22,2026-08-16 11:13:02
R0128,O00915,P005,Late Delivery,207372.46,2026-06-20 13:30:52
R0129,O00926,P039,Damaged,152975.52,2026-07-20 07:11:59
R0130,O00928,P020,Wrong Product,57264.84,2026-08-19 11:43:02
R0131,O00932,P020,Changed Mind,48675.11,2026-08-04 03:36:00
R0132,O00958,P014,Wrong Size,32597.71,2026-08-01 22:29:24
R0133,O00972,P026,Changed Mind,3524.72,2026-05-21 16:21:28
R0134,O00973,P031,Late Delivery,42162.29,2026-08-19 01:04:08
R0135,O00984,P041,Changed Mind,135913.96,2026-07-20 19:36:05
