shipping_id,order_id,warehouse,shipping_cost,expected_delivery,actual_delivery,delivery_status
SH00001,O00001,Mumbai Warehouse,368.68,2026-08-06 02:58:13,2026-08-06 02:58:13,Delivered
SH00002,O00002,Chennai Warehouse,100.04,2026-06-22 05:22:52,2026-06-20 05:22:52,Delivered
SH00003,O00003,Chennai Warehouse,420.26,2026-07-05 03:19:53,2026-07-03 03:19:53,Delivered
SH00004,O00004,Hyderabad Warehouse,150.62,2026-07-21 15:01:44,2026-07-22 15:01:44,Delivered
SH00005,O00005,Delhi Warehouse,69.53,2026-07-10 10:09:43,2026-07-10 10:09:43,Delivered
SH00006,O00006,Chennai Warehouse,285.39,2026-06-02 23:56:03,2026-05-31 23:56:03,Delivered
SH00007,O00007,Mumbai Warehouse,222.89,2026-06-29 04:01:49,2026-06-27 04:01:49,Delivered
SH00008,O00008,Bengaluru Warehouse,201.05,2026-08-15 02:27:28,2026-08-13 02:27:28,Delivered
SH00009,O00009,Delhi Warehouse,488.48,2026-07-17 18:00:27,2026-07-22 18:00:27,Delayed
SH00010,O00010,Bengaluru Warehouse,321.25,2026-06-07 05:22:32,2026-06-05 05:22:32,Delivered
SH00011,O00011,Chennai Warehouse,311.52,2026-06-16 12:00:23,2026-06-18 12:00:23,Delayed
SH00012,O00012,Delhi Warehouse,61.87,2026-05-27 01:53:17,2026-05-27 01:53:17,Delivered
SH00013,O00013,Delhi Warehouse,387.31,2026-07-31 14:02:57,2026-08-01 14:02:57,Delivered
SH00014,O00014,Mumbai Warehouse,236.67,2026-07-03 02:32:51,2026-07-03 02:32:51,Delivered
SH00015,O00015,Chennai Warehouse,387.46,2026-05-23 22:24:03,2026-05-21 22:24:03,Delivered
SH00016,O00016,Mumbai Warehouse,161.31,2026-07-12 05:57:43,2026-07-14 05:57:43,Delivered
SH00017,O00017,Chennai Warehouse,445.2,2026-08-20 15:12:23,2026-08-21 15:12:23,Delivered
SH00018,O00018,Chennai Warehouse,264.29,2026-08-07 01:45:59,,In Transit
SH00019,O00019,Chennai Warehouse,406.32,2026-07-10 01:08:38,2026-07-11 01:08:38,Delivered
SH00020,O00020,Hyderabad Warehouse,366.84,2026-07-27 10:57:11,,In Transit
SH00021,O00021,Bengaluru Warehouse,226.51,2026-07-31 14:51:12,2026-08-04 14:51:12,Delayed
SH00022,O00022,Bengaluru Warehouse,228.44,2026-08-01 19:19:44,2026-08-03 19:19:44,Delivered
SH00023,O00023,Bengaluru Warehouse,428.94,2026-07-29 07:52:56,2026-07-30 07:52:56,Delivered
SH00024,O00024,Delhi Warehouse,144.11,2026-07-27 21:08:15,2026-07-30 21:08:15,Delayed
SH00025,O00025,Chennai Warehouse,338.39,2026-06-08 21:35:06,2026-06-10 21:35:06,Delivered
SH00026,O00026,Bengaluru Warehouse,487.9,2026-06-27 03:09:27,2026-06-29 03:09:27,Delivered
SH00027,O00027,Bengaluru Warehouse,129.65,2026-07-03 15:27:20,,In Transit
SH00028,O00028,Delhi Warehouse,198.54,2026-05-26 13:30:38,2026-05-27 13:30:38,Delivered
SH00029,O00029,Chennai Warehouse,77.49,2026-07-22 06:14:45,2026-07-22 06:14:45,Delivered
SH00030,O00030,Hyderabad Warehouse,289.07,2026-08-20 04:00:41,2026-08-21 04:00:41,Delivered
SH00031,O00031,Chennai Warehouse,280.25,2026-06-23 19:52:54,2026-06-22 19:52:54,Delivered
SH00032,O00032,Mumbai Warehouse,171.16,2026-07-18 06:31:02,2026-07-20 06:31:02,Delivered
SH00033,O00033,Chennai Warehouse,154.95,2026-06-18 05:56:11,2026-06-20 05:56:11,Delayed
SH00034,O00034,Delhi Warehouse,89.11,2026-07-22 04:15:53,2026-07-24 04:15:53,Delivered
SH00035,O00035,Bengaluru Warehouse,220.45,2026-08-10 02:28:43,2026-08-12 02:28:43,Delivered
SH00036,O00036,Hyderabad Warehouse,493.93,2026-06-03 20:51:28,2026-06-04 20:51:28,Delivered
SH00037,O00037,Bengaluru Warehouse,89.55,2026-07-30 15:36:32,2026-07-30 15:36:32,Delivered
SH00038,O00038,Hyderabad Warehouse,363.63,2026-08-19 03:43:16,,In Transit
SH00039,O00039,Hyderabad Warehouse,417.68,2026-06-20 22:15:41,2026-06-22 22:15:41,Delivered
SH00040,O00040,Chennai Warehouse,175.99,2026-07-09 00:08:27,2026-07-11 00:08:27,Delivered
SH00041,O00041,Mumbai Warehouse,159.08,2026-06-20 19:08:43,2026-06-19 19:08:43,Delivered
SH00042,O00042,Hyderabad Warehouse,469.41,2026-07-24 12:25:59,2026-07-22 12:25:59,Delivered
SH00043,O00043,Chennai Warehouse,297.01,2026-06-30 10:05:04,,In Transit
SH00044,O00044,Chennai Warehouse,102.51,2026-06-19 10:31:16,,In Transit
SH00045,O00045,Delhi Warehouse,385.69,2026-06-28 20:07:15,2026-06-27 20:07:15,Delivered
SH00046,O00046,Hyderabad Warehouse,79.92,2026-07-29 11:04:24,2026-07-27 11:04:24,Delivered
SH00047,O00047,Hyderabad Warehouse,140.73,2026-06-16 11:23:11,2026-06-17 11:23:11,Delivered
SH00048,O00048,Mumbai Warehouse,458.54,2026-07-16 14:20:04,,In Transit
SH00049,O00049,Chennai Warehouse,292.9,2026-06-05 03:03:43,2026-06-04 03:03:43,Delivered
SH00050,O00050,Hyderabad Warehouse,457.91,2026-06-10 09:28:47,2026-06-11 09:28:47,Delivered
SH00051,O00051,Mumbai Warehouse,112.67,2026-06-29 14:10:15,,In Transit
SH00052,O00052,Bengaluru Warehouse,118.25,2026-07-25 07:51:28,2026-07-23 07:51:28,Delivered
SH00053,O00053,Bengaluru Warehouse,393.11,2026-06-25 13:55:57,,In Transit
SH00054,O00054,Chennai Warehouse,321.78,2026-07-25 12:43:30,,In Transit
SH00055,O00055,Delhi Warehouse,374.02,2026-08-04 09:44:23,2026-08-06 09:44:23,Delivered
SH00056,O00056,Delhi Warehouse,422.06,2026-08-18 10:08:57,2026-08-20 10:08:57,Delivered
SH00057,O00057,Bengaluru Warehouse,119.01,2026-06-04 15:58:23,2026-06-02 15:58:23,Delivered
SH00058,O00058,Delhi Warehouse,96.0,2026-07-18 12:42:49,2026-07-17 12:42:49,Delivered
SH00059,O00059,Mumbai Warehouse,218.5,2026-07-16 00:34:16,2026-07-16 00:34:16,Delivered
SH00060,O00060,Bengaluru Warehouse,252.88,2026-06-16 23:43:26,2026-06-14 23:43:26,Delivered
SH00061,O00061,Chennai Warehouse,190.15,2026-07-01 04:41:01,2026-07-04 04:41:01,Delayed
SH00062,O00062,Delhi Warehouse,411.28,2026-07-15 23:14:46,2026-07-16 23:14:46,Delivered
SH00063,O00063,Mumbai Warehouse,205.86,2026-08-09 17:10:49,2026-08-11 17:10:49,Delivered
SH00064,O00064,Chennai Warehouse,113.39,2026-05-18 19:24:21,,In Transit
SH00065,O00065,Hyderabad Warehouse,311.26,2026-06-17 06:32:23,2026-06-20 06:32:23,Delayed
SH00066,O00066,Hyderabad Warehouse,116.9,2026-06-18 15:01:02,2026-06-20 15:01:02,Delivered
SH00067,O00067,Bengaluru Warehouse,189.47,2026-06-11 04:13:16,2026-06-11 04:13:16,Delivered
SH00068,O00068,Mumbai Warehouse,219.98,2026-07-04 12:10:19,,In Transit
SH00069,O00069,Chennai Warehouse,285.98,2026-08-08 01:24:38,,In Transit
SH00070,O00070,Delhi Warehouse,83.98,2026-07-16 01:55:20,2026-07-16 01:55:20,Delivered
SH00071,O00071,Mumbai Warehouse,61.42,2026-07-18 16:05:02,2026-07-20 16:05:02,Delivered
SH00072,O00072,Hyderabad Warehouse,164.25,2026-07-25 08:02:04,2026-07-23 08:02:04,Delivered
SH00073,O00073,Mumbai Warehouse,343.74,2026-06-23 01:21:18,2026-06-25 01:21:18,Delayed
SH00074,O00074,Hyderabad Warehouse,474.98,2026-07-03 21:57:39,2026-07-03 21:57:39,Delivered
SH00075,O00075,Hyderabad Warehouse,88.48,2026-07-02 15:53:45,2026-07-07 15:53:45,Delayed
SH00076,O00076,Mumbai Warehouse,451.7,2026-07-01 16:46:01,2026-07-02 16:46:01,Delivered
SH00077,O00077,Hyderabad Warehouse,205.34,2026-07-24 08:47:08,2026-07-26 08:47:08,Delivered
SH00078,O00078,Mumbai Warehouse,393.62,2026-06-10 12:25:13,2026-06-14 12:25:13,Delayed
SH00079,O00079,Delhi Warehouse,280.61,2026-07-11 09:34:54,2026-07-10 09:34:54,Delivered
SH00080,O00080,Delhi Warehouse,425.72,2026-07-08 17:03:49,2026-07-07 17:03:49,Delivered
SH00081,O00081,Delhi Warehouse,461.43,2026-08-06 19:59:51,2026-08-07 19:59:51,Delivered
SH00082,O00082,Mumbai Warehouse,273.86,2026-08-16 06:21:48,2026-08-15 06:21:48,Delivered
SH00083,O00083,Delhi Warehouse,443.25,2026-08-07 01:19:55,2026-08-07 01:19:55,Delivered
SH00084,O00084,Chennai Warehouse,238.45,2026-08-01 05:22:28,2026-08-05 05:22:28,Delayed
SH00085,O00085,Delhi Warehouse,132.97,2026-06-04 05:52:10,2026-06-05 05:52:10,Delivered
SH00086,O00086,Delhi Warehouse,210.05,2026-07-24 17:41:36,2026-07-26 17:41:36,Delivered
SH00087,O00087,Mumbai Warehouse,171.46,2026-05-27 00:02:52,2026-05-25 00:02:52,Delivered
SH00088,O00088,Hyderabad Warehouse,396.91,2026-06-16 07:43:48,2026-06-15 07:43:48,Delivered
SH00089,O00089,Bengaluru Warehouse,319.23,2026-07-08 19:33:00,2026-07-13 19:33:00,Delayed
SH00090,O00090,Hyderabad Warehouse,191.57,2026-07-25 05:21:05,2026-07-26 05:21:05,Delivered
SH00091,O00091,Bengaluru Warehouse,133.31,2026-07-20 05:19:08,2026-07-18 05:19:08,Delivered
SH00092,O00092,Bengaluru Warehouse,375.85,2026-07-22 21:26:32,2026-07-24 21:26:32,Delivered
SH00093,O00093,Delhi Warehouse,494.45,2026-06-25 07:30:18,2026-06-27 07:30:18,Delivered
SH00094,O00094,Mumbai Warehouse,305.58,2026-05-30 20:04:04,2026-05-29 20:04:04,Delivered
SH00095,O00095,Chennai Warehouse,486.98,2026-08-08 05:31:29,,In Transit
SH00096,O00096,Bengaluru Warehouse,423.01,2026-08-02 16:44:19,2026-08-04 16:44:19,Delivered
SH00097,O00097,Bengaluru Warehouse,448.25,2026-06-13 13:44:36,2026-06-15 13:44:36,Delivered
SH00098,O00098,Mumbai Warehouse,347.74,2026-07-26 02:11:15,2026-07-27 02:11:15,Delivered
SH00099,O00099,Hyderabad Warehouse,441.54,2026-06-20 21:47:23,2026-06-18 21:47:23,Delivered
SH00100,O00100,Hyderabad Warehouse,54.27,2026-06-10 13:54:38,2026-06-12 13:54:38,Delivered
SH00101,O00101,Delhi Warehouse,172.26,2026-08-06 01:53:15,2026-08-07 01:53:15,Delivered
SH00102,O00102,Bengaluru Warehouse,99.71,2026-06-12 02:27:58,2026-06-10 02:27:58,Delivered
SH00103,O00103,Delhi Warehouse,58.04,2026-06-06 01:49:10,2026-06-07 01:49:10,Delivered
SH00104,O00104,Delhi Warehouse,477.48,2026-05-26 03:22:31,2026-05-25 03:22:31,Delivered
SH00105,O00105,Chennai Warehouse,495.13,2026-05-25 06:08:44,2026-05-23 06:08:44,Delivered
SH00106,O00106,Hyderabad Warehouse,323.48,2026-06-14 12:59:04,2026-06-14 12:59:04,Delivered
SH00107,O00107,Bengaluru Warehouse,400.81,2026-07-05 21:36:28,2026-07-07 21:36:28,Delivered
SH00108,O00108,Bengaluru Warehouse,318.77,2026-07-22 02:49:53,,In Transit
SH00109,O00109,Mumbai Warehouse,119.25,2026-08-11 06:29:32,2026-08-09 06:29:32,Delivered
SH00110,O00110,Chennai Warehouse,91.17,2026-08-06 09:10:11,2026-08-04 09:10:11,Delivered
SH00111,O00111,Hyderabad Warehouse,433.49,2026-05-26 20:09:43,2026-05-28 20:09:43,Delivered
SH00112,O00112,Bengaluru Warehouse,233.8,2026-07-05 23:39:23,2026-07-03 23:39:23,Delivered
SH00113,O00113,Bengaluru Warehouse,482.95,2026-07-02 00:10:39,,In Transit
SH00114,O00114,Delhi Warehouse,266.26,2026-08-17 19:18:31,2026-08-19 19:18:31,Delivered
SH00115,O00115,Mumbai Warehouse,439.02,2026-07-22 21:55:10,2026-07-23 21:55:10,Delivered
SH00116,O00116,Mumbai Warehouse,440.28,2026-07-18 15:52:13,,In Transit
SH00117,O00117,Mumbai Warehouse,388.72,2026-06-10 15:31:36,2026-06-10 15:31:36,Delivered
SH00118,O00118,Chennai Warehouse,200.8,2026-07-28 12:19:38,2026-07-30 12:19:38,Delivered
SH00119,O00119,Delhi Warehouse,52.87,2026-07-26 09:04:58,,In Transit
SH00120,O00120,Bengaluru Warehouse,292.99,2026-06-30 01:11:40,2026-07-01 01:11:40,Delivered
SH00121,O00121,Hyderabad Warehouse,428.05,2026-07-06 18:26:32,2026-07-05 18:26:32,Delivered
SH00122,O00122,Bengaluru Warehouse,396.88,2026-06-27 13:43:07,2026-06-27 13:43:07,Delivered
SH00123,O00123,Hyderabad Warehouse,205.65,2026-06-16 10:59:05,2026-06-15 10:59:05,Delivered
SH00124,O00124,Hyderabad Warehouse,341.41,2026-06-07 02:19:34,2026-06-05 02:19:34,Delivered
SH00125,O00125,Mumbai Warehouse,269.89,2026-07-24 11:11:09,2026-07-24 11:11:09,Delivered
SH00126,O00126,Hyderabad Warehouse,241.78,2026-07-24 12:44:10,2026-07-25 12:44:10,Delivered
SH00127,O00127,Chennai Warehouse,87.07,2026-05-22 07:22:49,2026-05-22 07:22:49,Delivered
SH00128,O00128,Chennai Warehouse,64.09,2026-08-18 10:30:29,2026-08-17 10:30:29,Delivered
SH00129,O00129,Delhi Warehouse,492.79,2026-08-03 16:20:02,2026-08-01 16:20:02,Delivered
SH00130,O00130,Chennai Warehouse,440.66,2026-08-12 07:25:54,2026-08-12 07:25:54,Delivered
SH00131,O00131,Mumbai Warehouse,440.88,2026-08-05 12:47:51,2026-08-07 12:47:51,Delivered
SH00132,O00132,Chennai Warehouse,408.56,2026-08-17 17:44:36,,In Transit
SH00133,O00133,Bengaluru Warehouse,319.25,2026-06-01 02:49:35,2026-06-02 02:49:35,Delivered
SH00134,O00134,Chennai Warehouse,343.18,2026-08-02 08:18:39,2026-08-03 08:18:39,Delivered
SH00135,O00135,Mumbai Warehouse,259.07,2026-07-03 01:07:20,2026-07-06 01:07:20,Delayed
SH00136,O00136,Bengaluru Warehouse,437.06,2026-06-13 00:23:48,2026-06-11 00:23:48,Delivered
SH00137,O00137,Chennai Warehouse,494.0,2026-06-04 20:18:20,2026-06-05 20:18:20,Delivered
SH00138,O00138,Chennai Warehouse,399.11,2026-08-06 20:10:18,2026-08-04 20:10:18,Delivered
SH00139,O00139,Delhi Warehouse,64.94,2026-07-26 08:03:07,,In Transit
SH00140,O00140,Hyderabad Warehouse,410.26,2026-07-13 01:23:20,2026-07-15 01:23:20,Delivered
SH00141,O00141,Delhi Warehouse,453.3,2026-07-05 20:56:22,2026-07-04 20:56:22,Delivered
SH00142,O00142,Delhi Warehouse,441.94,2026-05-27 15:28:38,2026-05-26 15:28:38,Delivered
SH00143,O00143,Chennai Warehouse,347.37,2026-07-13 21:18:34,2026-07-13 21:18:34,Delivered
SH00144,O00144,Delhi Warehouse,123.8,2026-06-12 23:08:02,2026-06-16 23:08:02,Delayed
SH00145,O00145,Chennai Warehouse,442.3,2026-08-20 20:19:12,2026-08-19 20:19:12,Delivered
SH00146,O00146,Bengaluru Warehouse,346.42,2026-08-09 03:13:37,2026-08-13 03:13:37,Delayed
SH00147,O00147,Hyderabad Warehouse,488.66,2026-05-31 13:14:45,2026-06-01 13:14:45,Delivered
SH00148,O00148,Bengaluru Warehouse,128.39,2026-07-05 02:05:35,2026-07-06 02:05:35,Delivered
SH00149,O00149,Mumbai Warehouse,216.97,2026-06-02 17:09:45,2026-06-07 17:09:45,Delayed
SH00150,O00150,Hyderabad Warehouse,376.37,2026-08-07 13:53:45,2026-08-05 13:53:45,Delivered
SH00151,O00151,Bengaluru Warehouse,177.73,2026-07-06 21:09:25,2026-07-08 21:09:25,Delayed
SH00152,O00152,Mumbai Warehouse,109.21,2026-07-26 14:01:43,2026-07-27 14:01:43,Delivered
SH00153,O00153,Hyderabad Warehouse,280.68,2026-07-10 08:05:13,2026-07-10 08:05:13,Delivered
SH00154,O00154,Chennai Warehouse,92.87,2026-07-15 00:51:01,2026-07-14 00:51:01,Delivered
SH00155,O00155,Mumbai Warehouse,196.34,2026-07-16 13:57:52,2026-07-15 13:57:52,Delivered
SH00156,O00156,Bengaluru Warehouse,248.91,2026-06-18 13:49:04,2026-06-23 13:49:04,Delayed
SH00157,O00157,Bengaluru Warehouse,161.92,2026-08-04 02:19:12,2026-08-02 02:19:12,Delivered
SH00158,O00158,Delhi Warehouse,381.38,2026-08-17 07:37:58,2026-08-15 07:37:58,Delivered
SH00159,O00159,Delhi Warehouse,65.38,2026-06-30 17:43:50,2026-06-28 17:43:50,Delivered
SH00160,O00160,Hyderabad Warehouse,104.95,2026-07-19 06:02:36,2026-07-20 06:02:36,Delivered
SH00161,O00161,Mumbai Warehouse,359.69,2026-08-10 21:33:46,2026-08-09 21:33:46,Delivered
SH00162,O00162,Hyderabad Warehouse,440.56,2026-07-31 14:29:23,2026-07-29 14:29:23,Delivered
SH00163,O00163,Mumbai Warehouse,106.58,2026-08-16 09:01:04,2026-08-17 09:01:04,Delivered
SH00164,O00164,Bengaluru Warehouse,486.46,2026-07-08 18:40:42,2026-07-10 18:40:42,Delivered
SH00165,O00165,Delhi Warehouse,164.89,2026-07-04 04:50:17,,In Transit
SH00166,O00166,Chennai Warehouse,423.89,2026-08-10 09:49:36,2026-08-08 09:49:36,Delivered
SH00167,O00167,Chennai Warehouse,354.43,2026-08-15 19:35:05,2026-08-17 19:35:05,Delivered
SH00168,O00168,Chennai Warehouse,206.86,2026-07-13 23:05:40,2026-07-15 23:05:40,Delivered
SH00169,O00169,Mumbai Warehouse,441.84,2026-07-02 01:30:51,,In Transit
SH00170,O00170,Hyderabad Warehouse,197.16,2026-08-15 21:06:24,2026-08-14 21:06:24,Delivered
SH00171,O00171,Chennai Warehouse,441.01,2026-06-03 05:19:30,,In Transit
SH00172,O00172,Bengaluru Warehouse,214.91,2026-08-02 23:18:10,2026-08-02 23:18:10,Delivered
SH00173,O00173,Bengaluru Warehouse,295.56,2026-08-13 09:53:20,2026-08-11 09:53:20,Delivered
SH00174,O00174,Chennai Warehouse,275.2,2026-07-06 20:31:54,2026-07-07 20:31:54,Delivered
SH00175,O00175,Hyderabad Warehouse,203.56,2026-07-04 11:11:55,2026-07-05 11:11:55,Delivered
SH00176,O00176,Chennai Warehouse,227.46,2026-06-14 22:25:13,,In Transit
SH00177,O00177,Mumbai Warehouse,53.4,2026-08-01 18:13:37,2026-08-02 18:13:37,Delivered
SH00178,O00178,Hyderabad Warehouse,138.72,2026-06-16 18:34:14,,In Transit
SH00179,O00179,Mumbai Warehouse,188.28,2026-08-12 07:28:57,2026-08-10 07:28:57,Delivered
SH00180,O00180,Chennai Warehouse,229.96,2026-07-21 16:19:08,2026-07-22 16:19:08,Delivered
SH00181,O00181,Hyderabad Warehouse,286.32,2026-06-17 16:38:33,2026-06-19 16:38:33,Delayed
SH00182,O00182,Bengaluru Warehouse,89.17,2026-08-05 02:56:07,2026-08-07 02:56:07,Delivered
SH00183,O00183,Mumbai Warehouse,337.09,2026-08-05 06:34:26,2026-08-03 06:34:26,Delivered
SH00184,O00184,Mumbai Warehouse,212.35,2026-07-13 09:10:36,2026-07-11 09:10:36,Delivered
SH00185,O00185,Bengaluru Warehouse,173.66,2026-07-07 19:39:11,2026-07-09 19:39:11,Delivered
SH00186,O00186,Bengaluru Warehouse,117.37,2026-07-23 14:53:23,2026-07-25 14:53:23,Delayed
SH00187,O00187,Bengaluru Warehouse,147.53,2026-06-12 23:56:36,2026-06-14 23:56:36,Delivered
SH00188,O00188,Delhi Warehouse,337.08,2026-06-19 10:19:07,2026-06-17 10:19:07,Delivered
SH00189,O00189,Delhi Warehouse,318.67,2026-07-01 11:26:15,2026-07-01 11:26:15,Delivered
SH00190,O00190,Hyderabad Warehouse,203.49,2026-05-29 07:00:34,2026-05-28 07:00:34,Delivered
SH00191,O00191,Delhi Warehouse,88.55,2026-07-27 01:08:25,2026-07-29 01:08:25,Delivered
SH00192,O00192,Mumbai Warehouse,327.72,2026-06-18 12:15:18,2026-06-18 12:15:18,Delivered
SH00193,O00193,Bengaluru Warehouse,293.01,2026-06-14 12:52:11,2026-06-16 12:52:11,Delivered
SH00194,O00194,Mumbai Warehouse,347.83,2026-06-19 03:36:08,,In Transit
SH00195,O00195,Chennai Warehouse,482.75,2026-06-23 09:02:30,2026-06-25 09:02:30,Delivered
SH00196,O00196,Mumbai Warehouse,252.67,2026-06-19 19:26:15,2026-06-17 19:26:15,Delivered
SH00197,O00197,Delhi Warehouse,222.14,2026-08-18 11:21:49,2026-08-19 11:21:49,Delivered
SH00198,O00198,Hyderabad Warehouse,352.2,2026-07-11 05:06:22,2026-07-10 05:06:22,Delivered
SH00199,O00199,Delhi Warehouse,278.08,2026-05-27 14:13:11,,In Transit
SH00200,O00200,Bengaluru Warehouse,221.41,2026-06-05 04:53:42,,In Transit
SH00201,O00201,Delhi Warehouse,251.24,2026-06-06 09:55:16,,In Transit
SH00202,O00202,Hyderabad Warehouse,304.96,2026-06-15 05:20:18,2026-06-17 05:20:18,Delivered
SH00203,O00203,Hyderabad Warehouse,353.44,2026-06-26 22:59:49,2026-06-25 22:59:49,Delivered
SH00204,O00204,Bengaluru Warehouse,195.14,2026-07-27 03:28:49,2026-07-27 03:28:49,Delivered
SH00205,O00205,Delhi Warehouse,469.73,2026-06-03 14:31:20,,In Transit
SH00206,O00206,Bengaluru Warehouse,394.16,2026-07-26 08:32:10,2026-07-28 08:32:10,Delivered
SH00207,O00207,Mumbai Warehouse,104.79,2026-06-10 13:00:23,,In Transit
SH00208,O00208,Mumbai Warehouse,484.62,2026-05-29 00:07:27,2026-05-31 00:07:27,Delivered
SH00209,O00209,Chennai Warehouse,433.15,2026-07-01 01:10:21,2026-07-03 01:10:21,Delivered
SH00210,O00210,Hyderabad Warehouse,304.0,2026-06-28 08:14:08,2026-06-27 08:14:08,Delivered
SH00211,O00211,Chennai Warehouse,183.81,2026-06-19 21:28:11,2026-06-17 21:28:11,Delivered
SH00212,O00212,Delhi Warehouse,95.47,2026-07-15 10:50:09,2026-07-16 10:50:09,Delivered
SH00213,O00213,Delhi Warehouse,149.36,2026-07-04 00:08:33,2026-07-03 00:08:33,Delivered
SH00214,O00214,Bengaluru Warehouse,448.97,2026-07-02 03:17:04,,In Transit
SH00215,O00215,Chennai Warehouse,129.6,2026-05-24 19:32:59,2026-05-23 19:32:59,Delivered
SH00216,O00216,Chennai Warehouse,405.65,2026-06-10 20:25:09,2026-06-10 20:25:09,Delivered
SH00217,O00217,Bengaluru Warehouse,425.44,2026-08-09 15:14:14,2026-08-10 15:14:14,Delivered
SH00218,O00218,Delhi Warehouse,169.63,2026-06-30 13:27:56,2026-07-05 13:27:56,Delayed
SH00219,O00219,Mumbai Warehouse,159.57,2026-06-29 14:00:25,2026-06-27 14:00:25,Delivered
SH00220,O00220,Chennai Warehouse,451.44,2026-08-14 14:53:12,,In Transit
SH00221,O00221,Delhi Warehouse,84.39,2026-08-02 12:12:51,2026-08-01 12:12:51,Delivered
SH00222,O00222,Hyderabad Warehouse,272.95,2026-07-14 11:27:50,2026-07-16 11:27:50,Delivered
SH00223,O00223,Hyderabad Warehouse,283.28,2026-07-30 07:08:46,2026-07-31 07:08:46,Delivered
SH00224,O00224,Bengaluru Warehouse,67.11,2026-05-22 15:58:22,2026-05-21 15:58:22,Delivered
SH00225,O00225,Chennai Warehouse,480.43,2026-08-11 22:47:26,2026-08-12 22:47:26,Delivered
SH00226,O00226,Mumbai Warehouse,347.62,2026-08-13 06:32:20,2026-08-12 06:32:20,Delivered
SH00227,O00227,Mumbai Warehouse,86.98,2026-08-05 02:25:29,2026-08-05 02:25:29,Delivered
SH00228,O00228,Bengaluru Warehouse,54.69,2026-07-17 15:54:57,2026-07-16 15:54:57,Delivered
SH00229,O00229,Bengaluru Warehouse,453.12,2026-06-25 16:48:44,2026-06-24 16:48:44,Delivered
SH00230,O00230,Hyderabad Warehouse,312.09,2026-07-04 01:54:13,2026-07-05 01:54:13,Delivered
SH00231,O00231,Delhi Warehouse,467.64,2026-05-23 08:11:56,2026-05-25 08:11:56,Delayed
SH00232,O00232,Bengaluru Warehouse,123.66,2026-06-21 22:07:03,2026-06-20 22:07:03,Delivered
SH00233,O00233,Bengaluru Warehouse,340.61,2026-06-21 18:16:41,2026-06-21 18:16:41,Delivered
SH00234,O00234,Bengaluru Warehouse,163.51,2026-08-02 22:11:04,2026-08-01 22:11:04,Delivered
SH00235,O00235,Bengaluru Warehouse,194.03,2026-06-27 15:11:42,2026-06-25 15:11:42,Delivered
SH00236,O00236,Chennai Warehouse,109.28,2026-08-13 15:08:17,2026-08-15 15:08:17,Delivered
SH00237,O00237,Hyderabad Warehouse,204.07,2026-08-18 08:08:08,2026-08-20 08:08:08,Delivered
SH00238,O00238,Hyderabad Warehouse,92.19,2026-08-09 21:50:57,2026-08-09 21:50:57,Delivered
SH00239,O00239,Chennai Warehouse,161.01,2026-06-30 10:51:02,2026-06-28 10:51:02,Delivered
SH00240,O00240,Mumbai Warehouse,189.92,2026-07-10 00:36:18,2026-07-08 00:36:18,Delivered
SH00241,O00241,Delhi Warehouse,402.71,2026-08-03 08:17:52,2026-08-05 08:17:52,Delivered
SH00242,O00242,Bengaluru Warehouse,387.3,2026-07-29 02:16:54,,In Transit
SH00243,O00243,Hyderabad Warehouse,215.74,2026-07-13 19:02:26,2026-07-12 19:02:26,Delivered
SH00244,O00244,Hyderabad Warehouse,235.68,2026-08-04 10:17:17,,In Transit
SH00245,O00245,Delhi Warehouse,224.45,2026-07-19 08:08:26,2026-07-19 08:08:26,Delivered
SH00246,O00246,Bengaluru Warehouse,310.99,2026-08-14 22:30:44,2026-08-18 22:30:44,Delayed
SH00247,O00247,Hyderabad Warehouse,60.32,2026-06-14 04:21:09,,In Transit
SH00248,O00248,Delhi Warehouse,491.89,2026-07-05 04:07:02,2026-07-04 04:07:02,Delivered
SH00249,O00249,Delhi Warehouse,197.69,2026-06-14 01:44:59,2026-06-18 01:44:59,Delayed
SH00250,O00250,Hyderabad Warehouse,184.75,2026-06-19 06:26:44,2026-06-21 06:26:44,Delayed
SH00251,O00251,Bengaluru Warehouse,496.01,2026-07-04 02:01:54,2026-07-04 02:01:54,Delivered
SH00252,O00252,Delhi Warehouse,213.01,2026-07-09 22:05:17,2026-07-09 22:05:17,Delivered
SH00253,O00253,Chennai Warehouse,402.16,2026-05-24 14:05:34,2026-05-24 14:05:34,Delivered
SH00254,O00254,Hyderabad Warehouse,266.41,2026-06-25 12:33:47,2026-06-26 12:33:47,Delivered
SH00255,O00255,Delhi Warehouse,377.57,2026-06-22 09:41:55,2026-06-22 09:41:55,Delivered
SH00256,O00256,Hyderabad Warehouse,324.6,2026-07-24 17:02:55,2026-07-23 17:02:55,Delivered
SH00257,O00257,Delhi Warehouse,177.24,2026-07-25 16:58:32,,In Transit
SH00258,O00258,Delhi Warehouse,488.68,2026-08-05 06:16:00,,In Transit
SH00259,O00259,Hyderabad Warehouse,433.89,2026-06-29 00:35:11,2026-06-29 00:35:11,Delivered
SH00260,O00260,Chennai Warehouse,397.34,2026-07-31 01:55:30,2026-08-02 01:55:30,Delivered
SH00261,O00261,Delhi Warehouse,446.96,2026-06-08 19:02:32,2026-06-07 19:02:32,Delivered
SH00262,O00262,Hyderabad Warehouse,115.23,2026-08-12 08:58:49,2026-08-14 08:58:49,Delivered
SH00263,O00263,Bengaluru Warehouse,323.84,2026-07-05 03:33:29,2026-07-06 03:33:29,Delivered
SH00264,O00264,Hyderabad Warehouse,357.69,2026-08-20 01:08:51,,In Transit
SH00265,O00265,Delhi Warehouse,80.45,2026-06-01 03:51:16,2026-06-01 03:51:16,Delivered
SH00266,O00266,Delhi Warehouse,124.6,2026-07-18 04:25:26,2026-07-19 04:25:26,Delivered
SH00267,O00267,Chennai Warehouse,257.07,2026-07-11 15:03:30,2026-07-09 15:03:30,Delivered
SH00268,O00268,Delhi Warehouse,490.13,2026-05-23 09:17:47,2026-05-25 09:17:47,Delivered
SH00269,O00269,Mumbai Warehouse,198.6,2026-08-19 19:45:27,2026-08-21 19:45:27,Delivered
SH00270,O00270,Chennai Warehouse,157.46,2026-06-26 00:35:38,2026-07-01 00:35:38,Delayed
SH00271,O00271,Bengaluru Warehouse,258.77,2026-07-18 05:40:13,2026-07-20 05:40:13,Delivered
SH00272,O00272,Hyderabad Warehouse,228.82,2026-07-17 13:35:20,,In Transit
SH00273,O00273,Bengaluru Warehouse,210.5,2026-07-23 03:21:42,,In Transit
SH00274,O00274,Chennai Warehouse,363.15,2026-05-26 09:36:45,2026-05-25 09:36:45,Delivered
SH00275,O00275,Hyderabad Warehouse,125.98,2026-05-27 22:04:19,2026-05-26 22:04:19,Delivered
SH00276,O00276,Bengaluru Warehouse,190.92,2026-07-24 04:10:31,2026-07-22 04:10:31,Delivered
SH00277,O00277,Chennai Warehouse,277.34,2026-07-03 09:12:01,2026-07-03 09:12:01,Delivered
SH00278,O00278,Hyderabad Warehouse,498.69,2026-06-03 22:39:46,2026-06-01 22:39:46,Delivered
SH00279,O00279,Chennai Warehouse,63.21,2026-08-12 22:22:13,2026-08-14 22:22:13,Delivered
SH00280,O00280,Mumbai Warehouse,183.42,2026-07-03 14:17:44,2026-07-01 14:17:44,Delivered
SH00281,O00281,Delhi Warehouse,419.74,2026-06-08 09:55:10,2026-06-08 09:55:10,Delivered
SH00282,O00282,Bengaluru Warehouse,286.45,2026-05-23 15:37:55,2026-05-28 15:37:55,Delayed
SH00283,O00283,Chennai Warehouse,457.41,2026-06-15 00:40:06,,In Transit
SH00284,O00284,Bengaluru Warehouse,262.08,2026-06-26 13:50:10,2026-06-27 13:50:10,Delivered
SH00285,O00285,Mumbai Warehouse,358.85,2026-06-21 13:14:50,,In Transit
SH00286,O00286,Mumbai Warehouse,82.7,2026-06-12 07:39:52,2026-06-12 07:39:52,Delivered
SH00287,O00287,Bengaluru Warehouse,186.78,2026-07-06 21:59:11,,In Transit
SH00288,O00288,Mumbai Warehouse,349.24,2026-06-24 12:03:58,2026-06-28 12:03:58,Delayed
SH00289,O00289,Bengaluru Warehouse,251.17,2026-06-22 12:53:36,2026-06-20 12:53:36,Delivered
SH00290,O00290,Chennai Warehouse,99.82,2026-08-04 16:15:14,2026-08-05 16:15:14,Delivered
SH00291,O00291,Chennai Warehouse,107.35,2026-08-17 04:10:12,2026-08-17 04:10:12,Delivered
SH00292,O00292,Hyderabad Warehouse,58.1,2026-06-28 13:53:18,,In Transit
SH00293,O00293,Bengaluru Warehouse,366.66,2026-06-16 18:50:42,2026-06-16 18:50:42,Delivered
SH00294,O00294,Delhi Warehouse,185.57,2026-08-02 18:46:12,,In Transit
SH00295,O00295,Bengaluru Warehouse,456.3,2026-08-11 12:59:03,2026-08-11 12:59:03,Delivered
SH00296,O00296,Delhi Warehouse,178.38,2026-06-29 16:46:39,2026-06-27 16:46:39,Delivered
SH00297,O00297,Mumbai Warehouse,424.12,2026-06-15 06:17:43,2026-06-13 06:17:43,Delivered
SH00298,O00298,Hyderabad Warehouse,79.11,2026-08-09 19:56:37,2026-08-08 19:56:37,Delivered
SH00299,O00299,Bengaluru Warehouse,258.99,2026-05-27 17:18:56,2026-05-27 17:18:56,Delivered
SH00300,O00300,Bengaluru Warehouse,316.26,2026-07-08 10:21:16,2026-07-09 10:21:16,Delivered
SH00301,O00301,Hyderabad Warehouse,404.04,2026-05-22 15:37:35,,In Transit
SH00302,O00302,Mumbai Warehouse,277.82,2026-08-04 11:48:47,2026-08-03 11:48:47,Delivered
SH00303,O00303,Hyderabad Warehouse,321.83,2026-07-11 03:23:51,2026-07-13 03:23:51,Delivered
SH00304,O00304,Hyderabad Warehouse,138.24,2026-05-24 19:49:42,2026-05-24 19:49:42,Delivered
SH00305,O00305,Delhi Warehouse,434.36,2026-06-22 17:55:37,2026-06-20 17:55:37,Delivered
SH00306,O00306,Delhi Warehouse,247.34,2026-06-11 12:56:08,2026-06-15 12:56:08,Delayed
SH00307,O00307,Bengaluru Warehouse,178.05,2026-07-21 21:24:20,2026-07-21 21:24:20,Delivered
SH00308,O00308,Chennai Warehouse,353.94,2026-05-26 10:21:09,2026-05-28 10:21:09,Delivered
SH00309,O00309,Chennai Warehouse,378.44,2026-08-07 14:51:54,2026-08-11 14:51:54,Delayed
SH00310,O00310,Bengaluru Warehouse,479.78,2026-07-23 01:09:31,2026-07-21 01:09:31,Delivered
SH00311,O00311,Delhi Warehouse,68.25,2026-05-27 16:16:06,2026-05-27 16:16:06,Delivered
SH00312,O00312,Mumbai Warehouse,216.07,2026-08-01 23:57:03,2026-08-02 23:57:03,Delivered
SH00313,O00313,Bengaluru Warehouse,194.49,2026-05-22 18:45:55,2026-05-20 18:45:55,Delivered
SH00314,O00314,Chennai Warehouse,317.15,2026-06-14 18:40:19,2026-06-15 18:40:19,Delivered
SH00315,O00315,Bengaluru Warehouse,337.04,2026-06-12 03:00:15,2026-06-10 03:00:15,Delivered
SH00316,O00316,Bengaluru Warehouse,239.92,2026-08-09 06:00:18,2026-08-11 06:00:18,Delivered
SH00317,O00317,Chennai Warehouse,413.61,2026-05-22 17:56:56,,In Transit
SH00318,O00318,Chennai Warehouse,433.33,2026-07-22 02:16:38,2026-07-21 02:16:38,Delivered
SH00319,O00319,Bengaluru Warehouse,151.83,2026-06-06 13:32:12,2026-06-08 13:32:12,Delayed
SH00320,O00320,Hyderabad Warehouse,193.49,2026-06-12 22:18:37,2026-06-11 22:18:37,Delivered
SH00321,O00321,Hyderabad Warehouse,218.55,2026-06-01 00:34:35,2026-06-02 00:34:35,Delivered
SH00322,O00322,Delhi Warehouse,119.51,2026-07-03 17:56:15,2026-07-01 17:56:15,Delivered
SH00323,O00323,Chennai Warehouse,406.27,2026-07-27 18:24:44,2026-07-28 18:24:44,Delivered
SH00324,O00324,Mumbai Warehouse,311.1,2026-06-03 21:00:25,2026-06-04 21:00:25,Delivered
SH00325,O00325,Chennai Warehouse,111.11,2026-07-15 12:36:16,2026-07-18 12:36:16,Delayed
SH00326,O00326,Mumbai Warehouse,190.94,2026-06-12 22:21:16,2026-06-10 22:21:16,Delivered
SH00327,O00327,Hyderabad Warehouse,480.16,2026-07-07 22:04:04,2026-07-07 22:04:04,Delivered
SH00328,O00328,Hyderabad Warehouse,89.69,2026-07-29 16:19:54,2026-07-27 16:19:54,Delivered
SH00329,O00329,Chennai Warehouse,265.05,2026-06-14 15:33:04,2026-06-13 15:33:04,Delivered
SH00330,O00330,Mumbai Warehouse,422.07,2026-08-02 05:27:44,2026-07-31 05:27:44,Delivered
SH00331,O00331,Hyderabad Warehouse,423.81,2026-06-26 14:02:54,2026-06-24 14:02:54,Delivered
SH00332,O00332,Bengaluru Warehouse,331.81,2026-06-09 01:26:14,2026-06-14 01:26:14,Delayed
SH00333,O00333,Chennai Warehouse,196.62,2026-07-20 14:17:33,,In Transit
SH00334,O00334,Chennai Warehouse,369.9,2026-07-21 17:26:58,2026-07-22 17:26:58,Delivered
SH00335,O00335,Delhi Warehouse,256.31,2026-08-03 09:15:12,2026-08-07 09:15:12,Delayed
SH00336,O00336,Bengaluru Warehouse,260.05,2026-07-27 12:21:14,2026-07-26 12:21:14,Delivered
SH00337,O00337,Delhi Warehouse,438.6,2026-06-01 21:20:28,2026-06-03 21:20:28,Delivered
SH00338,O00338,Delhi Warehouse,271.55,2026-08-07 06:50:48,2026-08-05 06:50:48,Delivered
SH00339,O00339,Hyderabad Warehouse,320.95,2026-08-10 07:34:13,2026-08-11 07:34:13,Delivered
SH00340,O00340,Chennai Warehouse,51.43,2026-06-07 16:03:44,2026-06-07 16:03:44,Delivered
SH00341,O00341,Chennai Warehouse,279.69,2026-06-17 23:14:00,2026-06-16 23:14:00,Delivered
SH00342,O00342,Delhi Warehouse,442.42,2026-06-03 06:20:55,2026-06-05 06:20:55,Delivered
SH00343,O00343,Delhi Warehouse,175.44,2026-07-14 22:53:36,2026-07-17 22:53:36,Delayed
SH00344,O00344,Hyderabad Warehouse,497.59,2026-05-21 06:17:43,2026-05-20 06:17:43,Delivered
SH00345,O00345,Bengaluru Warehouse,383.21,2026-06-23 01:22:24,2026-06-24 01:22:24,Delivered
SH00346,O00346,Delhi Warehouse,326.12,2026-07-17 16:09:50,2026-07-16 16:09:50,Delivered
SH00347,O00347,Bengaluru Warehouse,79.7,2026-07-23 12:47:37,2026-07-24 12:47:37,Delivered
SH00348,O00348,Mumbai Warehouse,52.74,2026-08-18 22:18:52,2026-08-16 22:18:52,Delivered
SH00349,O00349,Hyderabad Warehouse,407.53,2026-06-25 04:59:19,2026-06-25 04:59:19,Delivered
SH00350,O00350,Chennai Warehouse,145.0,2026-06-27 06:43:55,2026-06-28 06:43:55,Delivered
SH00351,O00351,Hyderabad Warehouse,312.47,2026-07-30 04:33:55,2026-07-28 04:33:55,Delivered
SH00352,O00352,Bengaluru Warehouse,237.25,2026-06-08 00:36:07,2026-06-09 00:36:07,Delivered
SH00353,O00353,Chennai Warehouse,331.15,2026-05-30 03:32:41,,In Transit
SH00354,O00354,Bengaluru Warehouse,186.44,2026-07-17 06:08:53,2026-07-15 06:08:53,Delivered
SH00355,O00355,Delhi Warehouse,172.13,2026-07-28 19:42:30,2026-07-29 19:42:30,Delivered
SH00356,O00356,Hyderabad Warehouse,231.1,2026-08-12 09:49:56,2026-08-14 09:49:56,Delivered
SH00357,O00357,Mumbai Warehouse,368.14,2026-07-19 16:02:27,,In Transit
SH00358,O00358,Delhi Warehouse,87.22,2026-06-11 08:20:25,2026-06-14 08:20:25,Delayed
SH00359,O00359,Mumbai Warehouse,307.31,2026-06-02 15:54:27,2026-06-04 15:54:27,Delayed
SH00360,O00360,Chennai Warehouse,102.21,2026-07-25 11:02:15,2026-07-24 11:02:15,Delivered
SH00361,O00361,Chennai Warehouse,51.96,2026-08-02 18:28:16,2026-08-03 18:28:16,Delivered
SH00362,O00362,Bengaluru Warehouse,108.32,2026-06-20 01:11:55,2026-06-20 01:11:55,Delivered
SH00363,O00363,Hyderabad Warehouse,339.87,2026-08-10 07:47:13,2026-08-09 07:47:13,Delivered
SH00364,O00364,Hyderabad Warehouse,264.19,2026-07-24 04:53:57,,In Transit
SH00365,O00365,Mumbai Warehouse,395.41,2026-07-16 01:31:14,2026-07-15 01:31:14,Delivered
SH00366,O00366,Bengaluru Warehouse,262.53,2026-08-07 23:28:35,2026-08-06 23:28:35,Delivered
SH00367,O00367,Mumbai Warehouse,111.47,2026-05-30 12:32:20,2026-05-30 12:32:20,Delivered
SH00368,O00368,Mumbai Warehouse,356.99,2026-08-09 01:48:14,2026-08-09 01:48:14,Delivered
SH00369,O00369,Bengaluru Warehouse,420.49,2026-07-14 17:10:43,2026-07-13 17:10:43,Delivered
SH00370,O00370,Mumbai Warehouse,201.81,2026-08-07 18:07:58,2026-08-07 18:07:58,Delivered
SH00371,O00371,Hyderabad Warehouse,198.61,2026-05-27 18:09:29,,In Transit
SH00372,O00372,Chennai Warehouse,283.56,2026-06-22 11:30:13,2026-06-21 11:30:13,Delivered
SH00373,O00373,Bengaluru Warehouse,489.21,2026-07-14 11:50:48,2026-07-13 11:50:48,Delivered
SH00374,O00374,Chennai Warehouse,169.51,2026-07-04 08:39:12,2026-07-04 08:39:12,Delivered
SH00375,O00375,Chennai Warehouse,306.79,2026-07-24 23:55:00,2026-07-26 23:55:00,Delivered
SH00376,O00376,Mumbai Warehouse,60.62,2026-06-27 17:57:10,2026-06-26 17:57:10,Delivered
SH00377,O00377,Hyderabad Warehouse,186.31,2026-05-27 11:08:28,2026-05-26 11:08:28,Delivered
SH00378,O00378,Bengaluru Warehouse,76.87,2026-07-10 21:26:03,2026-07-11 21:26:03,Delivered
SH00379,O00379,Delhi Warehouse,483.25,2026-07-22 15:20:43,2026-07-24 15:20:43,Delayed
SH00380,O00380,Chennai Warehouse,453.23,2026-06-25 21:35:11,2026-06-24 21:35:11,Delivered
SH00381,O00381,Bengaluru Warehouse,336.18,2026-05-22 23:56:30,2026-05-22 23:56:30,Delivered
SH00382,O00382,Bengaluru Warehouse,376.24,2026-08-13 06:06:53,2026-08-13 06:06:53,Delivered
SH00383,O00383,Delhi Warehouse,53.53,2026-07-03 13:16:05,2026-07-01 13:16:05,Delivered
SH00384,O00384,Delhi Warehouse,392.49,2026-08-09 14:37:48,2026-08-09 14:37:48,Delivered
SH00385,O00385,Chennai Warehouse,131.14,2026-07-06 08:42:46,2026-07-06 08:42:46,Delivered
SH00386,O00386,Chennai Warehouse,353.46,2026-05-30 00:23:01,2026-05-30 00:23:01,Delivered
SH00387,O00387,Chennai Warehouse,99.0,2026-06-30 20:38:34,2026-06-29 20:38:34,Delivered
SH00388,O00388,Delhi Warehouse,256.53,2026-06-22 22:25:10,2026-06-21 22:25:10,Delivered
SH00389,O00389,Hyderabad Warehouse,379.46,2026-07-24 11:28:51,2026-07-24 11:28:51,Delivered
SH00390,O00390,Bengaluru Warehouse,226.76,2026-08-17 07:58:50,2026-08-19 07:58:50,Delivered
SH00391,O00391,Chennai Warehouse,401.61,2026-08-07 05:29:17,2026-08-06 05:29:17,Delivered
SH00392,O00392,Chennai Warehouse,54.07,2026-07-03 09:43:50,2026-07-05 09:43:50,Delivered
SH00393,O00393,Hyderabad Warehouse,194.75,2026-07-27 10:36:31,2026-07-30 10:36:31,Delayed
SH00394,O00394,Chennai Warehouse,231.24,2026-06-02 14:57:19,2026-06-02 14:57:19,Delivered
SH00395,O00395,Delhi Warehouse,272.6,2026-06-30 01:13:07,2026-06-28 01:13:07,Delivered
SH00396,O00396,Mumbai Warehouse,463.29,2026-06-08 20:53:20,2026-06-06 20:53:20,Delivered
SH00397,O00397,Hyderabad Warehouse,223.85,2026-08-03 00:19:38,,In Transit
SH00398,O00398,Delhi Warehouse,463.21,2026-07-13 10:13:05,2026-07-15 10:13:05,Delivered
SH00399,O00399,Delhi Warehouse,480.34,2026-07-21 22:08:09,2026-07-22 22:08:09,Delivered
SH00400,O00400,Mumbai Warehouse,246.48,2026-06-16 23:47:52,2026-06-17 23:47:52,Delivered
SH00401,O00401,Mumbai Warehouse,452.34,2026-07-21 13:38:24,2026-07-19 13:38:24,Delivered
SH00402,O00402,Hyderabad Warehouse,450.0,2026-08-08 05:42:03,2026-08-07 05:42:03,Delivered
SH00403,O00403,Mumbai Warehouse,64.76,2026-08-17 01:19:29,2026-08-17 01:19:29,Delivered
SH00404,O00404,Bengaluru Warehouse,92.77,2026-07-11 00:29:38,2026-07-11 00:29:38,Delivered
SH00405,O00405,Delhi Warehouse,344.59,2026-08-05 23:30:20,2026-08-07 23:30:20,Delivered
SH00406,O00406,Mumbai Warehouse,107.54,2026-07-06 17:05:28,2026-07-11 17:05:28,Delayed
SH00407,O00407,Hyderabad Warehouse,140.25,2026-07-04 21:41:40,2026-07-02 21:41:40,Delivered
SH00408,O00408,Chennai Warehouse,136.0,2026-07-03 01:25:20,2026-07-03 01:25:20,Delivered
SH00409,O00409,Delhi Warehouse,240.18,2026-08-10 22:33:40,2026-08-11 22:33:40,Delivered
SH00410,O00410,Bengaluru Warehouse,106.41,2026-08-02 17:52:29,2026-08-04 17:52:29,Delivered
SH00411,O00411,Mumbai Warehouse,117.32,2026-07-20 07:01:34,,In Transit
SH00412,O00412,Mumbai Warehouse,282.92,2026-06-17 19:52:01,2026-06-19 19:52:01,Delivered
SH00413,O00413,Delhi Warehouse,334.47,2026-06-22 01:29:03,2026-06-20 01:29:03,Delivered
SH00414,O00414,Delhi Warehouse,469.82,2026-08-12 11:05:44,,In Transit
SH00415,O00415,Chennai Warehouse,104.91,2026-06-12 14:30:19,2026-06-14 14:30:19,Delivered
SH00416,O00416,Chennai Warehouse,137.86,2026-08-08 10:12:13,2026-08-06 10:12:13,Delivered
SH00417,O00417,Mumbai Warehouse,377.18,2026-06-01 04:23:58,2026-06-02 04:23:58,Delivered
SH00418,O00418,Hyderabad Warehouse,278.0,2026-06-16 20:24:36,2026-06-17 20:24:36,Delivered
SH00419,O00419,Chennai Warehouse,408.9,2026-08-17 08:48:35,2026-08-17 08:48:35,Delivered
SH00420,O00420,Chennai Warehouse,367.79,2026-07-01 12:54:18,2026-07-02 12:54:18,Delivered
SH00421,O00421,Hyderabad Warehouse,103.32,2026-06-14 10:42:11,2026-06-16 10:42:11,Delivered
SH00422,O00422,Mumbai Warehouse,413.96,2026-08-04 15:11:48,2026-08-06 15:11:48,Delivered
SH00423,O00423,Bengaluru Warehouse,81.9,2026-07-05 21:18:34,2026-07-06 21:18:34,Delivered
SH00424,O00424,Mumbai Warehouse,353.31,2026-07-15 02:18:22,,In Transit
SH00425,O00425,Delhi Warehouse,329.58,2026-07-20 00:38:10,2026-07-24 00:38:10,Delayed
SH00426,O00426,Mumbai Warehouse,87.76,2026-07-27 15:27:08,2026-08-01 15:27:08,Delayed
SH00427,O00427,Bengaluru Warehouse,403.19,2026-06-24 13:34:09,2026-06-28 13:34:09,Delayed
SH00428,O00428,Bengaluru Warehouse,175.03,2026-06-23 10:19:16,2026-06-22 10:19:16,Delivered
SH00429,O00429,Delhi Warehouse,489.7,2026-05-23 13:20:10,,In Transit
SH00430,O00430,Chennai Warehouse,311.98,2026-07-08 18:16:40,2026-07-07 18:16:40,Delivered
SH00431,O00431,Bengaluru Warehouse,383.07,2026-08-11 09:19:26,2026-08-13 09:19:26,Delivered
SH00432,O00432,Delhi Warehouse,84.64,2026-06-21 07:47:53,2026-06-20 07:47:53,Delivered
SH00433,O00433,Hyderabad Warehouse,330.64,2026-06-09 10:10:40,2026-06-10 10:10:40,Delivered
SH00434,O00434,Bengaluru Warehouse,303.65,2026-07-09 02:32:02,2026-07-08 02:32:02,Delivered
SH00435,O00435,Hyderabad Warehouse,318.95,2026-06-12 08:44:07,2026-06-11 08:44:07,Delivered
SH00436,O00436,Hyderabad Warehouse,145.89,2026-06-22 05:15:44,2026-06-22 05:15:44,Delivered
SH00437,O00437,Bengaluru Warehouse,72.72,2026-08-04 05:32:39,2026-08-05 05:32:39,Delivered
SH00438,O00438,Chennai Warehouse,480.91,2026-06-13 20:27:54,2026-06-11 20:27:54,Delivered
SH00439,O00439,Hyderabad Warehouse,384.27,2026-06-25 19:30:26,,In Transit
SH00440,O00440,Hyderabad Warehouse,417.76,2026-06-14 22:06:42,2026-06-14 22:06:42,Delivered
SH00441,O00441,Hyderabad Warehouse,351.8,2026-08-12 05:45:16,,In Transit
SH00442,O00442,Hyderabad Warehouse,382.43,2026-07-16 15:36:07,2026-07-17 15:36:07,Delivered
SH00443,O00443,Bengaluru Warehouse,256.52,2026-07-26 20:20:12,2026-07-25 20:20:12,Delivered
SH00444,O00444,Chennai Warehouse,199.87,2026-08-15 05:15:32,2026-08-13 05:15:32,Delivered
SH00445,O00445,Hyderabad Warehouse,384.3,2026-06-19 14:12:45,2026-06-19 14:12:45,Delivered
SH00446,O00446,Mumbai Warehouse,142.8,2026-07-15 17:32:50,2026-07-16 17:32:50,Delivered
SH00447,O00447,Bengaluru Warehouse,349.91,2026-05-21 18:06:50,2026-05-20 18:06:50,Delivered
SH00448,O00448,Hyderabad Warehouse,242.42,2026-07-11 22:17:20,,In Transit
SH00449,O00449,Delhi Warehouse,275.04,2026-06-10 07:39:14,,In Transit
SH00450,O00450,Mumbai Warehouse,62.74,2026-05-28 01:57:10,2026-05-26 01:57:10,Delivered
SH00451,O00451,Mumbai Warehouse,465.81,2026-06-14 04:51:38,2026-06-13 04:51:38,Delivered
SH00452,O00452,Chennai Warehouse,374.25,2026-07-30 16:21:21,2026-07-28 16:21:21,Delivered
SH00453,O00453,Bengaluru Warehouse,162.48,2026-07-02 05:30:23,2026-07-02 05:30:23,Delivered
SH00454,O00454,Mumbai Warehouse,147.23,2026-07-10 04:55:45,2026-07-12 04:55:45,Delivered
SH00455,O00455,Hyderabad Warehouse,444.34,2026-07-14 16:06:52,2026-07-12 16:06:52,Delivered
SH00456,O00456,Bengaluru Warehouse,354.62,2026-08-02 09:06:43,2026-08-03 09:06:43,Delivered
SH00457,O00457,Bengaluru Warehouse,183.17,2026-06-16 02:27:20,2026-06-17 02:27:20,Delivered
SH00458,O00458,Chennai Warehouse,102.9,2026-07-29 19:41:48,2026-07-31 19:41:48,Delivered
SH00459,O00459,Chennai Warehouse,122.61,2026-07-07 23:50:15,2026-07-05 23:50:15,Delivered
SH00460,O00460,Hyderabad Warehouse,209.42,2026-07-21 11:31:23,2026-07-19 11:31:23,Delivered
SH00461,O00461,Chennai Warehouse,125.12,2026-07-31 21:10:23,2026-08-02 21:10:23,Delivered
SH00462,O00462,Chennai Warehouse,237.1,2026-07-07 10:09:24,2026-07-06 10:09:24,Delivered
SH00463,O00463,Bengaluru Warehouse,275.05,2026-07-03 06:46:57,2026-07-02 06:46:57,Delivered
SH00464,O00464,Hyderabad Warehouse,273.07,2026-08-07 18:07:40,2026-08-08 18:07:40,Delivered
SH00465,O00465,Mumbai Warehouse,226.34,2026-05-22 10:38:23,2026-05-21 10:38:23,Delivered
SH00466,O00466,Bengaluru Warehouse,325.1,2026-05-28 19:17:25,2026-05-30 19:17:25,Delivered
SH00467,O00467,Delhi Warehouse,359.88,2026-06-20 08:04:43,,In Transit
SH00468,O00468,Hyderabad Warehouse,443.38,2026-06-13 06:49:02,2026-06-12 06:49:02,Delivered
SH00469,O00469,Delhi Warehouse,434.74,2026-06-30 00:46:59,2026-07-01 00:46:59,Delivered
SH00470,O00470,Chennai Warehouse,455.8,2026-07-25 22:26:28,2026-07-24 22:26:28,Delivered
SH00471,O00471,Hyderabad Warehouse,384.39,2026-06-11 09:24:08,2026-06-12 09:24:08,Delivered
SH00472,O00472,Bengaluru Warehouse,411.72,2026-06-22 11:58:19,2026-06-24 11:58:19,Delivered
SH00473,O00473,Mumbai Warehouse,378.16,2026-07-22 05:35:57,2026-07-22 05:35:57,Delivered
SH00474,O00474,Mumbai Warehouse,468.18,2026-07-14 05:34:58,2026-07-15 05:34:58,Delivered
SH00475,O00475,Bengaluru Warehouse,92.92,2026-06-28 14:20:24,,In Transit
SH00476,O00476,Bengaluru Warehouse,401.88,2026-07-04 17:14:13,2026-07-07 17:14:13,Delayed
SH00477,O00477,Hyderabad Warehouse,329.21,2026-07-11 12:08:44,2026-07-10 12:08:44,Delivered
SH00478,O00478,Chennai Warehouse,166.2,2026-07-13 07:35:52,2026-07-11 07:35:52,Delivered
SH00479,O00479,Chennai Warehouse,334.58,2026-06-21 03:28:23,2026-06-21 03:28:23,Delivered
SH00480,O00480,Hyderabad Warehouse,319.9,2026-06-30 01:57:21,2026-07-02 01:57:21,Delayed
SH00481,O00481,Hyderabad Warehouse,84.64,2026-08-02 04:36:56,2026-08-01 04:36:56,Delivered
SH00482,O00482,Hyderabad Warehouse,243.99,2026-07-12 04:57:30,2026-07-14 04:57:30,Delivered
SH00483,O00483,Chennai Warehouse,196.03,2026-06-24 21:15:35,2026-06-26 21:15:35,Delayed
SH00484,O00484,Hyderabad Warehouse,78.41,2026-06-25 22:14:17,2026-06-27 22:14:17,Delivered
SH00485,O00485,Hyderabad Warehouse,386.53,2026-07-31 00:13:51,2026-08-03 00:13:51,Delayed
SH00486,O00486,Mumbai Warehouse,159.53,2026-07-01 19:45:48,2026-06-30 19:45:48,Delivered
SH00487,O00487,Delhi Warehouse,449.65,2026-06-15 01:44:28,2026-06-16 01:44:28,Delivered
SH00488,O00488,Hyderabad Warehouse,162.05,2026-06-19 12:56:37,2026-06-21 12:56:37,Delivered
SH00489,O00489,Chennai Warehouse,470.11,2026-06-12 04:16:23,2026-06-14 04:16:23,Delivered
SH00490,O00490,Mumbai Warehouse,68.16,2026-06-10 03:39:10,,In Transit
SH00491,O00491,Mumbai Warehouse,56.16,2026-05-31 11:36:31,2026-06-01 11:36:31,Delivered
SH00492,O00492,Hyderabad Warehouse,189.03,2026-07-31 19:10:28,2026-07-30 19:10:28,Delivered
SH00493,O00493,Chennai Warehouse,438.99,2026-06-11 11:12:51,2026-06-11 11:12:51,Delivered
SH00494,O00494,Mumbai Warehouse,368.33,2026-06-20 09:44:25,,In Transit
SH00495,O00495,Bengaluru Warehouse,203.86,2026-06-03 09:02:34,,In Transit
SH00496,O00496,Mumbai Warehouse,437.47,2026-07-31 21:29:55,2026-07-31 21:29:55,Delivered
SH00497,O00497,Hyderabad Warehouse,213.09,2026-07-12 19:06:49,2026-07-10 19:06:49,Delivered
SH00498,O00498,Delhi Warehouse,360.9,2026-08-05 18:29:26,2026-08-03 18:29:26,Delivered
SH00499,O00499,Delhi Warehouse,414.62,2026-07-29 18:39:28,2026-08-02 18:39:28,Delayed
SH00500,O00500,Chennai Warehouse,426.82,2026-06-10 17:53:26,2026-06-08 17:53:26,Delivered
SH00501,O00501,Bengaluru Warehouse,358.57,2026-06-07 08:46:59,2026-06-09 08:46:59,Delivered
SH00502,O00502,Hyderabad Warehouse,307.67,2026-06-09 18:40:22,2026-06-09 18:40:22,Delivered
SH00503,O00503,Delhi Warehouse,73.4,2026-07-31 11:32:01,,In Transit
SH00504,O00504,Bengaluru Warehouse,447.31,2026-07-09 18:43:29,2026-07-10 18:43:29,Delivered
SH00505,O00505,Hyderabad Warehouse,178.93,2026-06-14 14:45:03,,In Transit
SH00506,O00506,Hyderabad Warehouse,321.37,2026-07-28 02:51:56,2026-08-01 02:51:56,Delayed
SH00507,O00507,Mumbai Warehouse,245.93,2026-07-17 00:17:50,2026-07-19 00:17:50,Delivered
SH00508,O00508,Chennai Warehouse,223.52,2026-08-05 13:52:23,2026-08-04 13:52:23,Delivered
SH00509,O00509,Delhi Warehouse,95.44,2026-07-11 16:57:10,2026-07-10 16:57:10,Delivered
SH00510,O00510,Delhi Warehouse,247.88,2026-07-15 17:05:00,2026-07-16 17:05:00,Delivered
SH00511,O00511,Delhi Warehouse,108.36,2026-06-20 05:53:42,2026-06-22 05:53:42,Delivered
SH00512,O00512,Bengaluru Warehouse,414.06,2026-05-30 12:42:11,,In Transit
SH00513,O00513,Chennai Warehouse,368.0,2026-08-07 14:37:29,2026-08-11 14:37:29,Delayed
SH00514,O00514,Delhi Warehouse,114.84,2026-06-10 14:47:13,2026-06-12 14:47:13,Delivered
SH00515,O00515,Chennai Warehouse,492.91,2026-06-16 12:45:52,2026-06-16 12:45:52,Delivered
SH00516,O00516,Mumbai Warehouse,206.18,2026-06-11 20:32:04,2026-06-13 20:32:04,Delivered
SH00517,O00517,Delhi Warehouse,292.11,2026-06-25 19:22:26,2026-06-23 19:22:26,Delivered
SH00518,O00518,Chennai Warehouse,285.24,2026-06-08 04:35:21,2026-06-10 04:35:21,Delivered
SH00519,O00519,Hyderabad Warehouse,102.66,2026-06-20 02:47:41,2026-06-22 02:47:41,Delivered
SH00520,O00520,Mumbai Warehouse,106.7,2026-05-22 03:25:42,2026-05-20 03:25:42,Delivered
SH00521,O00521,Mumbai Warehouse,270.33,2026-07-29 12:15:46,2026-07-28 12:15:46,Delivered
SH00522,O00522,Delhi Warehouse,175.74,2026-07-13 15:05:06,2026-07-14 15:05:06,Delivered
SH00523,O00523,Chennai Warehouse,132.28,2026-06-03 01:25:11,2026-06-03 01:25:11,Delivered
SH00524,O00524,Chennai Warehouse,163.76,2026-06-18 09:39:07,2026-06-19 09:39:07,Delivered
SH00525,O00525,Delhi Warehouse,408.17,2026-05-26 04:31:10,2026-05-26 04:31:10,Delivered
SH00526,O00526,Bengaluru Warehouse,162.35,2026-05-25 01:30:54,2026-05-23 01:30:54,Delivered
SH00527,O00527,Hyderabad Warehouse,387.62,2026-07-16 11:52:48,2026-07-14 11:52:48,Delivered
SH00528,O00528,Mumbai Warehouse,156.69,2026-06-19 03:11:16,,In Transit
SH00529,O00529,Bengaluru Warehouse,458.8,2026-07-28 11:33:38,2026-07-29 11:33:38,Delivered
SH00530,O00530,Bengaluru Warehouse,280.81,2026-06-02 00:42:46,,In Transit
SH00531,O00531,Bengaluru Warehouse,63.71,2026-07-20 16:48:15,2026-07-18 16:48:15,Delivered
SH00532,O00532,Bengaluru Warehouse,260.75,2026-08-14 02:07:17,2026-08-15 02:07:17,Delivered
SH00533,O00533,Mumbai Warehouse,467.77,2026-08-03 20:35:35,2026-08-04 20:35:35,Delivered
SH00534,O00534,Hyderabad Warehouse,259.56,2026-07-05 10:17:25,2026-07-04 10:17:25,Delivered
SH00535,O00535,Bengaluru Warehouse,220.89,2026-06-02 17:30:24,2026-06-02 17:30:24,Delivered
SH00536,O00536,Delhi Warehouse,144.85,2026-08-11 12:02:40,2026-08-09 12:02:40,Delivered
SH00537,O00537,Mumbai Warehouse,387.24,2026-05-24 23:02:26,2026-05-26 23:02:26,Delayed
SH00538,O00538,Hyderabad Warehouse,63.55,2026-07-15 12:07:36,2026-07-20 12:07:36,Delayed
SH00539,O00539,Delhi Warehouse,344.02,2026-06-19 09:01:08,2026-06-18 09:01:08,Delivered
SH00540,O00540,Bengaluru Warehouse,207.69,2026-07-06 08:14:03,2026-07-05 08:14:03,Delivered
SH00541,O00541,Bengaluru Warehouse,330.21,2026-07-07 05:56:42,2026-07-08 05:56:42,Delivered
SH00542,O00542,Hyderabad Warehouse,90.05,2026-06-30 12:49:37,2026-07-01 12:49:37,Delivered
SH00543,O00543,Mumbai Warehouse,77.81,2026-06-24 20:21:45,2026-06-26 20:21:45,Delivered
SH00544,O00544,Hyderabad Warehouse,275.68,2026-06-09 16:03:31,2026-06-10 16:03:31,Delivered
SH00545,O00545,Mumbai Warehouse,310.05,2026-05-25 18:10:36,,In Transit
SH00546,O00546,Hyderabad Warehouse,145.6,2026-06-15 06:46:39,2026-06-17 06:46:39,Delivered
SH00547,O00547,Hyderabad Warehouse,459.13,2026-08-13 10:25:13,2026-08-14 10:25:13,Delivered
SH00548,O00548,Delhi Warehouse,203.95,2026-07-04 03:38:59,2026-07-04 03:38:59,Delivered
SH00549,O00549,Hyderabad Warehouse,179.58,2026-06-02 20:18:09,2026-06-03 20:18:09,Delivered
SH00550,O00550,Delhi Warehouse,102.46,2026-08-11 14:07:42,2026-08-15 14:07:42,Delayed
SH00551,O00551,Bengaluru Warehouse,97.63,2026-05-28 02:43:17,2026-05-27 02:43:17,Delivered
SH00552,O00552,Bengaluru Warehouse,474.2,2026-06-27 16:10:34,2026-06-25 16:10:34,Delivered
SH00553,O00553,Bengaluru Warehouse,258.79,2026-07-09 12:18:46,2026-07-09 12:18:46,Delivered
SH00554,O00554,Chennai Warehouse,402.58,2026-05-26 23:05:03,2026-05-26 23:05:03,Delivered
SH00555,O00555,Mumbai Warehouse,127.64,2026-07-15 19:01:01,2026-07-14 19:01:01,Delivered
SH00556,O00556,Hyderabad Warehouse,64.3,2026-07-18 21:10:30,2026-07-19 21:10:30,Delivered
SH00557,O00557,Delhi Warehouse,285.61,2026-07-26 10:00:25,2026-07-24 10:00:25,Delivered
SH00558,O00558,Bengaluru Warehouse,211.64,2026-05-27 23:22:42,2026-05-25 23:22:42,Delivered
SH00559,O00559,Hyderabad Warehouse,121.24,2026-06-03 12:00:35,,In Transit
SH00560,O00560,Chennai Warehouse,460.8,2026-06-04 06:06:57,2026-06-06 06:06:57,Delivered
SH00561,O00561,Chennai Warehouse,256.61,2026-08-07 12:33:29,2026-08-07 12:33:29,Delivered
SH00562,O00562,Mumbai Warehouse,289.21,2026-07-14 09:58:17,2026-07-15 09:58:17,Delivered
SH00563,O00563,Delhi Warehouse,487.02,2026-06-18 06:26:54,2026-06-19 06:26:54,Delivered
SH00564,O00564,Bengaluru Warehouse,325.76,2026-05-29 00:56:46,2026-05-31 00:56:46,Delivered
SH00565,O00565,Chennai Warehouse,356.61,2026-06-14 20:47:13,2026-06-17 20:47:13,Delayed
SH00566,O00566,Mumbai Warehouse,249.85,2026-06-04 06:28:20,2026-06-08 06:28:20,Delayed
SH00567,O00567,Chennai Warehouse,63.12,2026-07-16 22:51:52,2026-07-17 22:51:52,Delivered
SH00568,O00568,Bengaluru Warehouse,93.08,2026-08-04 23:44:33,2026-08-03 23:44:33,Delivered
SH00569,O00569,Delhi Warehouse,72.6,2026-07-02 04:12:57,2026-07-04 04:12:57,Delayed
SH00570,O00570,Chennai Warehouse,191.67,2026-07-20 15:16:58,2026-07-18 15:16:58,Delivered
SH00571,O00571,Delhi Warehouse,346.12,2026-07-16 15:32:11,2026-07-17 15:32:11,Delivered
SH00572,O00572,Hyderabad Warehouse,267.81,2026-08-06 13:01:11,2026-08-06 13:01:11,Delivered
SH00573,O00573,Delhi Warehouse,422.82,2026-07-19 19:28:46,,In Transit
SH00574,O00574,Chennai Warehouse,205.61,2026-06-12 16:20:57,,In Transit
SH00575,O00575,Mumbai Warehouse,328.7,2026-08-02 01:57:26,2026-08-03 01:57:26,Delivered
SH00576,O00576,Mumbai Warehouse,187.02,2026-07-12 12:08:33,2026-07-12 12:08:33,Delivered
SH00577,O00577,Hyderabad Warehouse,237.74,2026-06-26 16:48:19,2026-06-24 16:48:19,Delivered
SH00578,O00578,Hyderabad Warehouse,226.9,2026-07-02 12:14:06,,In Transit
SH00579,O00579,Chennai Warehouse,84.56,2026-08-14 23:25:44,2026-08-13 23:25:44,Delivered
SH00580,O00580,Chennai Warehouse,440.78,2026-06-30 18:04:29,2026-07-05 18:04:29,Delayed
SH00581,O00581,Mumbai Warehouse,436.08,2026-06-17 15:20:35,2026-06-20 15:20:35,Delayed
SH00582,O00582,Delhi Warehouse,68.12,2026-08-12 06:47:37,2026-08-14 06:47:37,Delivered
SH00583,O00583,Bengaluru Warehouse,304.73,2026-07-18 21:49:23,2026-07-21 21:49:23,Delayed
SH00584,O00584,Hyderabad Warehouse,424.56,2026-07-01 09:42:22,2026-07-03 09:42:22,Delayed
SH00585,O00585,Bengaluru Warehouse,136.96,2026-06-18 10:02:52,2026-06-19 10:02:52,Delivered
SH00586,O00586,Delhi Warehouse,441.79,2026-07-13 23:27:46,,In Transit
SH00587,O00587,Mumbai Warehouse,307.4,2026-07-22 01:33:31,2026-07-23 01:33:31,Delivered
SH00588,O00588,Mumbai Warehouse,212.48,2026-05-26 14:48:25,2026-05-25 14:48:25,Delivered
SH00589,O00589,Chennai Warehouse,411.28,2026-07-16 23:00:11,,In Transit
SH00590,O00590,Mumbai Warehouse,183.78,2026-07-30 14:59:36,2026-07-28 14:59:36,Delivered
SH00591,O00591,Mumbai Warehouse,295.51,2026-05-31 09:41:28,2026-05-29 09:41:28,Delivered
SH00592,O00592,Bengaluru Warehouse,65.72,2026-08-04 19:45:59,2026-08-05 19:45:59,Delivered
SH00593,O00593,Delhi Warehouse,407.22,2026-06-12 22:38:28,,In Transit
SH00594,O00594,Hyderabad Warehouse,395.6,2026-07-23 12:00:57,2026-07-23 12:00:57,Delivered
SH00595,O00595,Hyderabad Warehouse,340.19,2026-06-08 06:11:04,2026-06-08 06:11:04,Delivered
SH00596,O00596,Delhi Warehouse,400.78,2026-06-18 11:07:49,2026-06-21 11:07:49,Delayed
SH00597,O00597,Chennai Warehouse,137.75,2026-07-26 21:22:09,2026-07-26 21:22:09,Delivered
SH00598,O00598,Hyderabad Warehouse,96.28,2026-05-30 15:38:26,2026-05-31 15:38:26,Delivered
SH00599,O00599,Mumbai Warehouse,118.3,2026-06-03 00:25:47,2026-06-08 00:25:47,Delayed
SH00600,O00600,Bengaluru Warehouse,243.08,2026-06-15 01:23:11,2026-06-15 01:23:11,Delivered
SH00601,O00601,Mumbai Warehouse,386.19,2026-06-07 15:28:30,2026-06-05 15:28:30,Delivered
SH00602,O00602,Chennai Warehouse,70.25,2026-07-16 08:41:43,,In Transit
SH00603,O00603,Bengaluru Warehouse,106.87,2026-05-31 01:22:26,2026-05-30 01:22:26,Delivered
SH00604,O00604,Mumbai Warehouse,399.85,2026-06-02 23:12:27,2026-06-03 23:12:27,Delivered
SH00605,O00605,Chennai Warehouse,72.69,2026-05-20 00:41:42,2026-05-19 00:41:42,Delivered
SH00606,O00606,Chennai Warehouse,427.92,2026-07-02 10:22:30,2026-07-03 10:22:30,Delivered
SH00607,O00607,Bengaluru Warehouse,377.08,2026-07-02 12:12:35,2026-07-07 12:12:35,Delayed
SH00608,O00608,Hyderabad Warehouse,326.52,2026-07-29 16:48:41,2026-07-28 16:48:41,Delivered
SH00609,O00609,Bengaluru Warehouse,107.5,2026-07-20 10:08:26,2026-07-21 10:08:26,Delivered
SH00610,O00610,Bengaluru Warehouse,300.46,2026-07-04 09:26:08,,In Transit
SH00611,O00611,Mumbai Warehouse,274.54,2026-06-21 01:08:37,2026-06-22 01:08:37,Delivered
SH00612,O00612,Bengaluru Warehouse,451.04,2026-05-24 22:30:59,2026-05-22 22:30:59,Delivered
SH00613,O00613,Hyderabad Warehouse,304.59,2026-06-10 05:50:20,2026-06-09 05:50:20,Delivered
SH00614,O00614,Hyderabad Warehouse,224.93,2026-06-20 17:47:35,2026-06-20 17:47:35,Delivered
SH00615,O00615,Delhi Warehouse,489.56,2026-07-26 09:47:12,2026-07-25 09:47:12,Delivered
SH00616,O00616,Bengaluru Warehouse,415.61,2026-06-18 05:14:30,2026-06-19 05:14:30,Delivered
SH00617,O00617,Chennai Warehouse,316.54,2026-07-29 00:32:24,2026-08-01 00:32:24,Delayed
SH00618,O00618,Bengaluru Warehouse,362.04,2026-08-13 05:29:20,2026-08-17 05:29:20,Delayed
SH00619,O00619,Delhi Warehouse,133.99,2026-07-06 20:25:47,2026-07-07 20:25:47,Delivered
SH00620,O00620,Mumbai Warehouse,154.64,2026-05-27 16:19:16,,In Transit
SH00621,O00621,Bengaluru Warehouse,313.5,2026-07-26 12:10:59,2026-07-24 12:10:59,Delivered
SH00622,O00622,Delhi Warehouse,294.96,2026-06-14 10:22:37,2026-06-16 10:22:37,Delivered
SH00623,O00623,Chennai Warehouse,360.19,2026-08-20 11:19:44,,In Transit
SH00624,O00624,Chennai Warehouse,295.15,2026-06-13 10:55:02,,In Transit
SH00625,O00625,Chennai Warehouse,365.19,2026-08-06 06:13:57,2026-08-05 06:13:57,Delivered
SH00626,O00626,Delhi Warehouse,75.6,2026-08-03 14:12:04,2026-08-01 14:12:04,Delivered
SH00627,O00627,Hyderabad Warehouse,354.25,2026-07-18 10:57:03,2026-07-18 10:57:03,Delivered
SH00628,O00628,Bengaluru Warehouse,486.19,2026-07-16 00:46:10,2026-07-15 00:46:10,Delivered
SH00629,O00629,Hyderabad Warehouse,77.5,2026-07-26 23:07:42,2026-07-24 23:07:42,Delivered
SH00630,O00630,Hyderabad Warehouse,447.47,2026-08-08 19:41:46,2026-08-09 19:41:46,Delivered
SH00631,O00631,Hyderabad Warehouse,341.94,2026-06-09 23:24:44,,In Transit
SH00632,O00632,Mumbai Warehouse,440.68,2026-07-02 01:06:21,2026-07-03 01:06:21,Delivered
SH00633,O00633,Delhi Warehouse,143.97,2026-06-03 21:54:30,2026-06-03 21:54:30,Delivered
SH00634,O00634,Hyderabad Warehouse,102.42,2026-07-11 15:22:57,2026-07-09 15:22:57,Delivered
SH00635,O00635,Chennai Warehouse,183.35,2026-06-12 14:18:15,2026-06-11 14:18:15,Delivered
SH00636,O00636,Hyderabad Warehouse,285.65,2026-07-24 15:33:30,2026-07-24 15:33:30,Delivered
SH00637,O00637,Chennai Warehouse,462.1,2026-06-02 05:37:50,2026-06-04 05:37:50,Delivered
SH00638,O00638,Mumbai Warehouse,196.56,2026-08-19 23:12:44,2026-08-19 23:12:44,Delivered
SH00639,O00639,Mumbai Warehouse,311.29,2026-06-15 13:25:43,2026-06-17 13:25:43,Delivered
SH00640,O00640,Mumbai Warehouse,328.07,2026-08-12 00:39:01,2026-08-11 00:39:01,Delivered
SH00641,O00641,Delhi Warehouse,208.19,2026-06-03 13:53:41,2026-06-01 13:53:41,Delivered
SH00642,O00642,Bengaluru Warehouse,256.7,2026-05-30 16:51:26,2026-05-30 16:51:26,Delivered
SH00643,O00643,Chennai Warehouse,139.74,2026-05-24 13:25:37,2026-05-23 13:25:37,Delivered
SH00644,O00644,Mumbai Warehouse,334.16,2026-06-08 21:05:18,2026-06-10 21:05:18,Delivered
SH00645,O00645,Bengaluru Warehouse,56.45,2026-08-07 17:25:07,2026-08-09 17:25:07,Delivered
SH00646,O00646,Chennai Warehouse,393.66,2026-06-22 15:14:51,2026-06-22 15:14:51,Delivered
SH00647,O00647,Bengaluru Warehouse,114.33,2026-07-17 13:00:48,2026-07-16 13:00:48,Delivered
SH00648,O00648,Bengaluru Warehouse,280.27,2026-08-01 11:39:29,2026-08-01 11:39:29,Delivered
SH00649,O00649,Mumbai Warehouse,61.61,2026-08-06 19:04:45,2026-08-06 19:04:45,Delivered
SH00650,O00650,Delhi Warehouse,481.91,2026-07-16 00:48:31,2026-07-14 00:48:31,Delivered
SH00651,O00651,Delhi Warehouse,70.51,2026-08-20 04:59:40,2026-08-22 04:59:40,Delivered
SH00652,O00652,Bengaluru Warehouse,492.81,2026-06-17 18:58:18,2026-06-16 18:58:18,Delivered
SH00653,O00653,Hyderabad Warehouse,495.28,2026-07-01 09:45:43,2026-06-30 09:45:43,Delivered
SH00654,O00654,Mumbai Warehouse,84.54,2026-06-01 20:13:31,2026-06-02 20:13:31,Delivered
SH00655,O00655,Chennai Warehouse,60.8,2026-07-05 06:36:20,2026-07-04 06:36:20,Delivered
SH00656,O00656,Mumbai Warehouse,297.44,2026-07-28 15:11:46,2026-07-28 15:11:46,Delivered
SH00657,O00657,Bengaluru Warehouse,130.56,2026-06-20 07:02:38,2026-06-18 07:02:38,Delivered
SH00658,O00658,Bengaluru Warehouse,176.27,2026-07-28 16:57:28,,In Transit
SH00659,O00659,Chennai Warehouse,482.73,2026-06-26 20:22:23,,In Transit
SH00660,O00660,Chennai Warehouse,378.89,2026-06-14 04:50:23,2026-06-16 04:50:23,Delivered
SH00661,O00661,Bengaluru Warehouse,131.55,2026-07-06 08:38:41,2026-07-04 08:38:41,Delivered
SH00662,O00662,Hyderabad Warehouse,305.85,2026-07-15 04:42:30,2026-07-14 04:42:30,Delivered
SH00663,O00663,Hyderabad Warehouse,307.31,2026-07-10 17:05:11,2026-07-15 17:05:11,Delayed
SH00664,O00664,Delhi Warehouse,267.71,2026-07-04 06:30:44,2026-07-03 06:30:44,Delivered
SH00665,O00665,Delhi Warehouse,139.47,2026-05-28 13:54:12,2026-05-28 13:54:12,Delivered
SH00666,O00666,Chennai Warehouse,401.1,2026-07-20 19:59:12,2026-07-22 19:59:12,Delivered
SH00667,O00667,Hyderabad Warehouse,380.76,2026-05-27 15:20:33,,In Transit
SH00668,O00668,Mumbai Warehouse,77.42,2026-08-16 02:57:56,2026-08-17 02:57:56,Delivered
SH00669,O00669,Chennai Warehouse,178.53,2026-06-29 17:09:36,2026-06-28 17:09:36,Delivered
SH00670,O00670,Bengaluru Warehouse,262.24,2026-08-02 02:02:54,,In Transit
SH00671,O00671,Hyderabad Warehouse,138.33,2026-06-21 01:31:26,2026-06-19 01:31:26,Delivered
SH00672,O00672,Hyderabad Warehouse,413.78,2026-07-16 09:12:54,2026-07-20 09:12:54,Delayed
SH00673,O00673,Chennai Warehouse,170.96,2026-06-12 01:51:35,2026-06-14 01:51:35,Delivered
SH00674,O00674,Hyderabad Warehouse,315.34,2026-05-23 06:43:47,2026-05-23 06:43:47,Delivered
SH00675,O00675,Delhi Warehouse,371.7,2026-05-30 15:16:02,2026-05-30 15:16:02,Delivered
SH00676,O00676,Mumbai Warehouse,350.99,2026-06-09 23:53:34,2026-06-08 23:53:34,Delivered
SH00677,O00677,Hyderabad Warehouse,368.16,2026-07-25 05:41:21,2026-07-27 05:41:21,Delivered
SH00678,O00678,Bengaluru Warehouse,381.16,2026-08-07 22:23:06,2026-08-09 22:23:06,Delivered
SH00679,O00679,Mumbai Warehouse,50.42,2026-08-11 07:36:35,,In Transit
SH00680,O00680,Mumbai Warehouse,460.28,2026-07-16 14:46:16,2026-07-19 14:46:16,Delayed
SH00681,O00681,Delhi Warehouse,186.52,2026-07-17 18:33:21,2026-07-22 18:33:21,Delayed
SH00682,O00682,Hyderabad Warehouse,74.51,2026-05-20 18:48:02,2026-05-18 18:48:02,Delivered
SH00683,O00683,Mumbai Warehouse,242.36,2026-08-01 00:28:52,2026-08-03 00:28:52,Delivered
SH00684,O00684,Mumbai Warehouse,285.53,2026-07-26 00:59:23,2026-07-26 00:59:23,Delivered
SH00685,O00685,Hyderabad Warehouse,394.34,2026-08-11 12:30:37,,In Transit
SH00686,O00686,Delhi Warehouse,456.46,2026-06-17 22:27:59,2026-06-15 22:27:59,Delivered
SH00687,O00687,Bengaluru Warehouse,295.67,2026-07-18 17:12:47,2026-07-19 17:12:47,Delivered
SH00688,O00688,Hyderabad Warehouse,360.65,2026-05-25 16:12:24,2026-05-26 16:12:24,Delivered
SH00689,O00689,Chennai Warehouse,103.98,2026-08-01 20:37:59,2026-07-30 20:37:59,Delivered
SH00690,O00690,Chennai Warehouse,197.97,2026-08-01 04:41:39,2026-07-31 04:41:39,Delivered
SH00691,O00691,Delhi Warehouse,493.95,2026-06-08 18:41:03,2026-06-11 18:41:03,Delayed
SH00692,O00692,Chennai Warehouse,188.22,2026-07-05 10:48:23,2026-07-07 10:48:23,Delivered
SH00693,O00693,Chennai Warehouse,419.25,2026-07-10 03:44:01,,In Transit
SH00694,O00694,Bengaluru Warehouse,321.94,2026-07-24 00:35:14,,In Transit
SH00695,O00695,Mumbai Warehouse,231.0,2026-06-30 16:55:46,2026-06-29 16:55:46,Delivered
SH00696,O00696,Hyderabad Warehouse,112.66,2026-08-16 17:03:52,2026-08-17 17:03:52,Delivered
SH00697,O00697,Mumbai Warehouse,334.12,2026-06-19 18:36:43,2026-06-21 18:36:43,Delivered
SH00698,O00698,Chennai Warehouse,489.92,2026-06-06 09:21:38,2026-06-07 09:21:38,Delivered
SH00699,O00699,Bengaluru Warehouse,210.74,2026-07-14 14:22:37,2026-07-18 14:22:37,Delayed
SH00700,O00700,Bengaluru Warehouse,78.41,2026-07-03 02:08:45,2026-07-01 02:08:45,Delivered
SH00701,O00701,Mumbai Warehouse,234.82,2026-07-23 09:36:57,2026-07-21 09:36:57,Delivered
SH00702,O00702,Mumbai Warehouse,165.49,2026-08-08 19:47:18,2026-08-06 19:47:18,Delivered
SH00703,O00703,Hyderabad Warehouse,245.87,2026-07-07 12:15:51,2026-07-07 12:15:51,Delivered
SH00704,O00704,Chennai Warehouse,148.84,2026-05-29 15:04:13,2026-06-02 15:04:13,Delayed
SH00705,O00705,Mumbai Warehouse,104.16,2026-07-03 09:39:49,2026-07-05 09:39:49,Delivered
SH00706,O00706,Hyderabad Warehouse,280.58,2026-06-24 13:16:05,2026-06-23 13:16:05,Delivered
SH00707,O00707,Mumbai Warehouse,387.22,2026-07-01 09:58:49,2026-06-30 09:58:49,Delivered
SH00708,O00708,Mumbai Warehouse,67.53,2026-06-21 03:07:30,2026-06-20 03:07:30,Delivered
SH00709,O00709,Chennai Warehouse,416.78,2026-06-20 22:34:48,2026-06-19 22:34:48,Delivered
SH00710,O00710,Bengaluru Warehouse,66.96,2026-07-27 19:59:04,2026-07-25 19:59:04,Delivered
SH00711,O00711,Delhi Warehouse,496.46,2026-06-01 22:11:44,2026-06-01 22:11:44,Delivered
SH00712,O00712,Hyderabad Warehouse,231.57,2026-08-12 01:07:23,2026-08-13 01:07:23,Delivered
SH00713,O00713,Bengaluru Warehouse,188.52,2026-06-03 09:12:33,2026-06-07 09:12:33,Delayed
SH00714,O00714,Bengaluru Warehouse,77.64,2026-06-19 18:57:30,2026-06-18 18:57:30,Delivered
SH00715,O00715,Bengaluru Warehouse,271.83,2026-07-01 17:39:46,,In Transit
SH00716,O00716,Hyderabad Warehouse,184.13,2026-07-30 02:50:13,2026-07-29 02:50:13,Delivered
SH00717,O00717,Mumbai Warehouse,105.73,2026-07-07 20:59:12,2026-07-09 20:59:12,Delivered
SH00718,O00718,Chennai Warehouse,127.34,2026-06-18 18:03:23,2026-06-19 18:03:23,Delivered
SH00719,O00719,Bengaluru Warehouse,55.95,2026-07-25 02:23:30,2026-07-24 02:23:30,Delivered
SH00720,O00720,Delhi Warehouse,449.69,2026-06-26 15:34:53,2026-06-28 15:34:53,Delivered
SH00721,O00721,Delhi Warehouse,295.05,2026-08-10 18:12:23,2026-08-08 18:12:23,Delivered
SH00722,O00722,Mumbai Warehouse,423.42,2026-08-02 14:33:11,2026-08-01 14:33:11,Delivered
SH00723,O00723,Mumbai Warehouse,406.91,2026-07-11 04:16:41,2026-07-14 04:16:41,Delayed
SH00724,O00724,Bengaluru Warehouse,479.13,2026-05-25 07:58:14,2026-05-24 07:58:14,Delivered
SH00725,O00725,Mumbai Warehouse,276.66,2026-07-01 22:16:53,2026-07-02 22:16:53,Delivered
SH00726,O00726,Mumbai Warehouse,332.45,2026-05-28 07:39:16,2026-05-27 07:39:16,Delivered
SH00727,O00727,Chennai Warehouse,363.45,2026-06-21 07:20:18,2026-06-19 07:20:18,Delivered
SH00728,O00728,Bengaluru Warehouse,210.18,2026-06-15 06:35:32,2026-06-17 06:35:32,Delivered
SH00729,O00729,Mumbai Warehouse,138.51,2026-06-22 03:44:34,2026-06-21 03:44:34,Delivered
SH00730,O00730,Bengaluru Warehouse,391.69,2026-05-30 00:34:37,2026-05-30 00:34:37,Delivered
SH00731,O00731,Hyderabad Warehouse,99.44,2026-08-03 18:37:38,2026-08-05 18:37:38,Delivered
SH00732,O00732,Delhi Warehouse,75.08,2026-06-30 00:15:23,2026-07-02 00:15:23,Delivered
SH00733,O00733,Delhi Warehouse,143.18,2026-08-15 17:50:52,,In Transit
SH00734,O00734,Bengaluru Warehouse,415.55,2026-07-11 17:33:23,2026-07-10 17:33:23,Delivered
SH00735,O00735,Mumbai Warehouse,296.0,2026-08-07 20:40:47,2026-08-05 20:40:47,Delivered
SH00736,O00736,Bengaluru Warehouse,462.42,2026-05-23 21:08:32,2026-05-25 21:08:32,Delivered
SH00737,O00737,Delhi Warehouse,382.07,2026-07-25 14:55:12,2026-07-27 14:55:12,Delivered
SH00738,O00738,Chennai Warehouse,152.14,2026-08-11 04:14:00,2026-08-13 04:14:00,Delivered
SH00739,O00739,Bengaluru Warehouse,330.91,2026-07-12 10:47:41,2026-07-10 10:47:41,Delivered
SH00740,O00740,Bengaluru Warehouse,392.98,2026-07-06 14:56:35,2026-07-05 14:56:35,Delivered
SH00741,O00741,Mumbai Warehouse,406.08,2026-06-29 21:23:48,2026-07-04 21:23:48,Delayed
SH00742,O00742,Chennai Warehouse,250.68,2026-05-28 00:45:53,2026-05-28 00:45:53,Delivered
SH00743,O00743,Chennai Warehouse,328.64,2026-06-08 23:33:33,,In Transit
SH00744,O00744,Mumbai Warehouse,181.36,2026-07-13 02:30:41,2026-07-18 02:30:41,Delayed
SH00745,O00745,Chennai Warehouse,228.1,2026-06-24 21:28:02,2026-06-24 21:28:02,Delivered
SH00746,O00746,Bengaluru Warehouse,368.28,2026-07-23 05:18:08,2026-07-21 05:18:08,Delivered
SH00747,O00747,Hyderabad Warehouse,74.2,2026-08-02 05:06:02,2026-08-04 05:06:02,Delivered
SH00748,O00748,Bengaluru Warehouse,297.8,2026-07-10 04:02:00,2026-07-10 04:02:00,Delivered
SH00749,O00749,Bengaluru Warehouse,238.23,2026-07-22 11:46:05,2026-07-21 11:46:05,Delivered
SH00750,O00750,Hyderabad Warehouse,197.53,2026-07-05 16:29:25,2026-07-04 16:29:25,Delivered
SH00751,O00751,Chennai Warehouse,441.34,2026-08-05 13:21:59,2026-08-05 13:21:59,Delivered
SH00752,O00752,Mumbai Warehouse,422.45,2026-05-24 18:43:27,2026-05-24 18:43:27,Delivered
SH00753,O00753,Hyderabad Warehouse,145.29,2026-06-12 12:47:07,2026-06-13 12:47:07,Delivered
SH00754,O00754,Chennai Warehouse,245.93,2026-06-15 16:44:47,,In Transit
SH00755,O00755,Delhi Warehouse,289.5,2026-07-13 02:14:05,,In Transit
SH00756,O00756,Delhi Warehouse,75.79,2026-06-02 11:44:35,2026-06-04 11:44:35,Delivered
SH00757,O00757,Hyderabad Warehouse,377.43,2026-06-16 17:37:00,2026-06-15 17:37:00,Delivered
SH00758,O00758,Delhi Warehouse,330.52,2026-07-03 07:20:41,2026-07-01 07:20:41,Delivered
SH00759,O00759,Mumbai Warehouse,138.9,2026-08-17 06:58:53,2026-08-15 06:58:53,Delivered
SH00760,O00760,Delhi Warehouse,435.2,2026-07-29 13:30:02,,In Transit
SH00761,O00761,Chennai Warehouse,276.07,2026-07-06 19:55:14,2026-07-08 19:55:14,Delivered
SH00762,O00762,Delhi Warehouse,68.42,2026-06-03 13:24:12,2026-06-01 13:24:12,Delivered
SH00763,O00763,Chennai Warehouse,487.61,2026-05-24 13:43:51,2026-05-22 13:43:51,Delivered
SH00764,O00764,Mumbai Warehouse,83.7,2026-07-18 22:31:06,2026-07-19 22:31:06,Delivered
SH00765,O00765,Mumbai Warehouse,422.59,2026-07-17 21:14:02,2026-07-20 21:14:02,Delayed
SH00766,O00766,Mumbai Warehouse,241.23,2026-08-08 08:59:46,2026-08-10 08:59:46,Delivered
SH00767,O00767,Delhi Warehouse,168.08,2026-06-15 00:03:49,2026-06-15 00:03:49,Delivered
SH00768,O00768,Chennai Warehouse,199.59,2026-07-26 16:22:26,,In Transit
SH00769,O00769,Hyderabad Warehouse,440.85,2026-06-05 03:30:29,2026-06-04 03:30:29,Delivered
SH00770,O00770,Bengaluru Warehouse,333.85,2026-06-20 22:33:38,2026-06-18 22:33:38,Delivered
SH00771,O00771,Mumbai Warehouse,238.61,2026-07-14 06:00:29,,In Transit
SH00772,O00772,Mumbai Warehouse,149.14,2026-05-22 02:19:26,2026-05-21 02:19:26,Delivered
SH00773,O00773,Mumbai Warehouse,289.77,2026-07-12 09:17:57,2026-07-10 09:17:57,Delivered
SH00774,O00774,Hyderabad Warehouse,106.75,2026-06-28 09:08:50,2026-06-30 09:08:50,Delayed
SH00775,O00775,Delhi Warehouse,136.38,2026-05-29 19:39:12,,In Transit
SH00776,O00776,Delhi Warehouse,351.39,2026-06-14 14:03:02,2026-06-16 14:03:02,Delayed
SH00777,O00777,Delhi Warehouse,263.37,2026-08-09 11:04:39,2026-08-10 11:04:39,Delivered
SH00778,O00778,Hyderabad Warehouse,163.64,2026-08-17 09:44:27,2026-08-17 09:44:27,Delivered
SH00779,O00779,Hyderabad Warehouse,396.08,2026-05-29 18:50:37,,In Transit
SH00780,O00780,Mumbai Warehouse,221.96,2026-07-06 13:42:42,2026-07-05 13:42:42,Delivered
SH00781,O00781,Delhi Warehouse,224.59,2026-06-04 04:10:34,2026-06-05 04:10:34,Delivered
SH00782,O00782,Bengaluru Warehouse,415.88,2026-07-20 15:43:59,2026-07-19 15:43:59,Delivered
SH00783,O00783,Delhi Warehouse,468.23,2026-08-07 13:29:39,,In Transit
SH00784,O00784,Bengaluru Warehouse,159.02,2026-06-03 17:14:20,,In Transit
SH00785,O00785,Hyderabad Warehouse,219.74,2026-07-09 03:45:33,2026-07-11 03:45:33,Delivered
SH00786,O00786,Bengaluru Warehouse,148.45,2026-07-30 08:16:01,2026-08-01 08:16:01,Delivered
SH00787,O00787,Chennai Warehouse,159.14,2026-06-20 02:32:49,2026-06-20 02:32:49,Delivered
SH00788,O00788,Chennai Warehouse,348.68,2026-07-12 04:13:04,,In Transit
SH00789,O00789,Bengaluru Warehouse,57.5,2026-07-31 06:11:18,,In Transit
SH00790,O00790,Hyderabad Warehouse,277.09,2026-06-17 07:35:11,2026-06-18 07:35:11,Delivered
SH00791,O00791,Mumbai Warehouse,435.58,2026-07-01 02:37:22,2026-06-30 02:37:22,Delivered
SH00792,O00792,Mumbai Warehouse,255.6,2026-08-10 19:30:28,2026-08-11 19:30:28,Delivered
SH00793,O00793,Bengaluru Warehouse,438.33,2026-07-05 14:45:56,,In Transit
SH00794,O00794,Mumbai Warehouse,141.8,2026-07-03 14:48:43,2026-07-03 14:48:43,Delivered
SH00795,O00795,Hyderabad Warehouse,230.76,2026-06-15 10:23:40,2026-06-15 10:23:40,Delivered
SH00796,O00796,Delhi Warehouse,108.08,2026-07-06 02:50:59,2026-07-08 02:50:59,Delivered
SH00797,O00797,Hyderabad Warehouse,199.73,2026-07-12 07:00:03,2026-07-14 07:00:03,Delivered
SH00798,O00798,Mumbai Warehouse,73.62,2026-06-05 19:30:01,2026-06-05 19:30:01,Delivered
SH00799,O00799,Mumbai Warehouse,176.82,2026-06-27 00:16:49,2026-06-27 00:16:49,Delivered
SH00800,O00800,Delhi Warehouse,134.96,2026-06-07 06:36:52,2026-06-06 06:36:52,Delivered
SH00801,O00801,Delhi Warehouse,100.37,2026-08-18 06:34:07,2026-08-19 06:34:07,Delivered
SH00802,O00802,Bengaluru Warehouse,225.14,2026-07-18 23:06:40,2026-07-18 23:06:40,Delivered
SH00803,O00803,Delhi Warehouse,75.76,2026-07-10 02:44:50,2026-07-12 02:44:50,Delayed
SH00804,O00804,Mumbai Warehouse,262.51,2026-07-31 05:26:52,2026-08-01 05:26:52,Delivered
SH00805,O00805,Mumbai Warehouse,419.27,2026-08-13 03:26:20,2026-08-15 03:26:20,Delivered
SH00806,O00806,Hyderabad Warehouse,192.41,2026-06-02 00:32:51,2026-06-01 00:32:51,Delivered
SH00807,O00807,Mumbai Warehouse,206.24,2026-08-15 15:47:20,2026-08-16 15:47:20,Delivered
SH00808,O00808,Mumbai Warehouse,291.89,2026-05-30 13:07:46,2026-05-30 13:07:46,Delivered
SH00809,O00809,Delhi Warehouse,497.94,2026-06-14 14:09:48,2026-06-13 14:09:48,Delivered
SH00810,O00810,Mumbai Warehouse,75.07,2026-08-06 18:55:25,,In Transit
SH00811,O00811,Hyderabad Warehouse,294.7,2026-08-06 11:18:29,2026-08-07 11:18:29,Delivered
SH00812,O00812,Bengaluru Warehouse,433.33,2026-08-13 17:23:07,,In Transit
SH00813,O00813,Chennai Warehouse,64.58,2026-06-29 01:20:46,2026-06-30 01:20:46,Delivered
SH00814,O00814,Delhi Warehouse,157.23,2026-06-21 18:25:37,,In Transit
SH00815,O00815,Chennai Warehouse,430.16,2026-08-08 05:58:29,2026-08-08 05:58:29,Delivered
SH00816,O00816,Bengaluru Warehouse,252.55,2026-07-10 01:34:29,2026-07-10 01:34:29,Delivered
SH00817,O00817,Chennai Warehouse,227.52,2026-06-15 17:01:03,,In Transit
SH00818,O00818,Delhi Warehouse,206.62,2026-08-08 10:28:44,2026-08-10 10:28:44,Delayed
SH00819,O00819,Mumbai Warehouse,127.86,2026-05-21 00:26:15,2026-05-21 00:26:15,Delivered
SH00820,O00820,Mumbai Warehouse,192.03,2026-06-17 05:31:22,,In Transit
SH00821,O00821,Delhi Warehouse,235.0,2026-07-29 06:16:54,2026-07-30 06:16:54,Delivered
SH00822,O00822,Mumbai Warehouse,323.3,2026-06-20 18:08:44,,In Transit
SH00823,O00823,Bengaluru Warehouse,144.94,2026-08-09 01:55:14,,In Transit
SH00824,O00824,Hyderabad Warehouse,472.02,2026-07-18 18:07:27,2026-07-21 18:07:27,Delayed
SH00825,O00825,Chennai Warehouse,295.16,2026-07-15 01:46:46,2026-07-16 01:46:46,Delivered
SH00826,O00826,Hyderabad Warehouse,366.81,2026-07-21 20:14:01,2026-07-23 20:14:01,Delivered
SH00827,O00827,Chennai Warehouse,238.26,2026-07-06 07:24:17,,In Transit
SH00828,O00828,Bengaluru Warehouse,91.17,2026-08-10 18:39:48,,In Transit
SH00829,O00829,Delhi Warehouse,77.41,2026-06-05 04:42:45,2026-06-05 04:42:45,Delivered
SH00830,O00830,Chennai Warehouse,439.8,2026-07-02 02:59:28,2026-07-04 02:59:28,Delivered
SH00831,O00831,Hyderabad Warehouse,377.16,2026-07-15 01:26:38,2026-07-16 01:26:38,Delivered
SH00832,O00832,Hyderabad Warehouse,256.08,2026-07-07 19:03:27,,In Transit
SH00833,O00833,Delhi Warehouse,283.23,2026-06-22 06:39:26,2026-06-24 06:39:26,Delivered
SH00834,O00834,Bengaluru Warehouse,73.02,2026-06-21 01:06:05,2026-06-19 01:06:05,Delivered
SH00835,O00835,Hyderabad Warehouse,343.61,2026-07-15 08:31:15,2026-07-13 08:31:15,Delivered
SH00836,O00836,Mumbai Warehouse,123.6,2026-08-04 20:04:56,2026-08-02 20:04:56,Delivered
SH00837,O00837,Chennai Warehouse,339.76,2026-07-11 12:44:38,2026-07-10 12:44:38,Delivered
SH00838,O00838,Mumbai Warehouse,65.47,2026-06-29 09:25:24,2026-07-01 09:25:24,Delivered
SH00839,O00839,Mumbai Warehouse,244.4,2026-07-01 23:29:24,,In Transit
SH00840,O00840,Bengaluru Warehouse,285.89,2026-06-22 00:15:21,,In Transit
SH00841,O00841,Chennai Warehouse,384.03,2026-08-12 04:46:44,2026-08-14 04:46:44,Delivered
SH00842,O00842,Chennai Warehouse,110.09,2026-06-11 02:03:07,2026-06-09 02:03:07,Delivered
SH00843,O00843,Chennai Warehouse,307.48,2026-07-28 11:44:57,2026-07-31 11:44:57,Delayed
SH00844,O00844,Mumbai Warehouse,405.09,2026-06-11 22:55:03,2026-06-12 22:55:03,Delivered
SH00845,O00845,Mumbai Warehouse,233.55,2026-07-16 06:50:43,2026-07-18 06:50:43,Delivered
SH00846,O00846,Delhi Warehouse,281.4,2026-06-27 22:50:49,2026-06-25 22:50:49,Delivered
SH00847,O00847,Chennai Warehouse,67.98,2026-06-15 10:42:00,2026-06-15 10:42:00,Delivered
SH00848,O00848,Mumbai Warehouse,258.63,2026-08-11 21:06:54,2026-08-09 21:06:54,Delivered
SH00849,O00849,Chennai Warehouse,487.66,2026-08-02 01:36:35,2026-08-02 01:36:35,Delivered
SH00850,O00850,Delhi Warehouse,188.12,2026-06-30 15:38:08,2026-07-02 15:38:08,Delivered
SH00851,O00851,Delhi Warehouse,112.86,2026-05-26 00:09:57,2026-05-27 00:09:57,Delivered
SH00852,O00852,Bengaluru Warehouse,381.57,2026-06-23 15:51:53,2026-06-25 15:51:53,Delivered
SH00853,O00853,Delhi Warehouse,250.77,2026-08-01 01:44:56,2026-07-31 01:44:56,Delivered
SH00854,O00854,Mumbai Warehouse,322.59,2026-07-03 16:34:29,2026-07-03 16:34:29,Delivered
SH00855,O00855,Mumbai Warehouse,377.35,2026-07-26 05:45:37,2026-07-28 05:45:37,Delivered
SH00856,O00856,Hyderabad Warehouse,57.87,2026-08-15 10:54:24,2026-08-16 10:54:24,Delivered
SH00857,O00857,Bengaluru Warehouse,318.36,2026-08-09 13:10:48,2026-08-10 13:10:48,Delivered
SH00858,O00858,Chennai Warehouse,372.03,2026-06-27 18:47:35,2026-06-28 18:47:35,Delivered
SH00859,O00859,Delhi Warehouse,108.44,2026-06-29 06:05:20,,In Transit
SH00860,O00860,Chennai Warehouse,204.49,2026-07-27 04:58:02,2026-07-28 04:58:02,Delivered
SH00861,O00861,Mumbai Warehouse,366.47,2026-08-08 16:52:16,,In Transit
SH00862,O00862,Mumbai Warehouse,191.37,2026-08-08 10:56:26,2026-08-09 10:56:26,Delivered
SH00863,O00863,Chennai Warehouse,129.15,2026-07-22 01:46:28,2026-07-21 01:46:28,Delivered
SH00864,O00864,Mumbai Warehouse,464.51,2026-06-03 12:53:28,2026-06-04 12:53:28,Delivered
SH00865,O00865,Bengaluru Warehouse,120.54,2026-07-10 20:39:34,,In Transit
SH00866,O00866,Chennai Warehouse,467.61,2026-05-22 08:43:20,2026-05-23 08:43:20,Delivered
SH00867,O00867,Delhi Warehouse,304.07,2026-06-05 00:38:07,,In Transit
SH00868,O00868,Bengaluru Warehouse,476.28,2026-07-10 12:53:00,2026-07-10 12:53:00,Delivered
SH00869,O00869,Hyderabad Warehouse,475.57,2026-07-16 01:40:49,2026-07-18 01:40:49,Delivered
SH00870,O00870,Delhi Warehouse,97.1,2026-06-24 00:03:50,2026-06-25 00:03:50,Delivered
SH00871,O00871,Bengaluru Warehouse,428.01,2026-08-14 05:00:32,2026-08-15 05:00:32,Delivered
SH00872,O00872,Delhi Warehouse,214.65,2026-05-29 12:19:36,2026-05-27 12:19:36,Delivered
SH00873,O00873,Chennai Warehouse,255.01,2026-08-13 15:28:17,2026-08-12 15:28:17,Delivered
SH00874,O00874,Bengaluru Warehouse,361.3,2026-08-11 19:32:41,2026-08-10 19:32:41,Delivered
SH00875,O00875,Mumbai Warehouse,409.35,2026-07-03 12:26:53,2026-07-03 12:26:53,Delivered
SH00876,O00876,Chennai Warehouse,243.56,2026-05-28 10:48:19,2026-05-28 10:48:19,Delivered
SH00877,O00877,Bengaluru Warehouse,478.78,2026-07-11 20:00:54,,In Transit
SH00878,O00878,Mumbai Warehouse,460.49,2026-08-17 03:56:35,2026-08-16 03:56:35,Delivered
SH00879,O00879,Bengaluru Warehouse,218.89,2026-07-03 03:10:47,2026-07-04 03:10:47,Delivered
SH00880,O00880,Hyderabad Warehouse,232.34,2026-05-24 06:13:21,2026-05-25 06:13:21,Delivered
SH00881,O00881,Hyderabad Warehouse,129.81,2026-07-31 21:52:35,2026-07-30 21:52:35,Delivered
SH00882,O00882,Mumbai Warehouse,462.12,2026-06-04 18:22:00,2026-06-06 18:22:00,Delivered
SH00883,O00883,Bengaluru Warehouse,123.68,2026-07-02 13:46:46,2026-07-04 13:46:46,Delayed
SH00884,O00884,Delhi Warehouse,167.3,2026-08-11 07:52:52,2026-08-12 07:52:52,Delivered
SH00885,O00885,Chennai Warehouse,124.94,2026-07-24 08:12:40,2026-07-23 08:12:40,Delivered
SH00886,O00886,Chennai Warehouse,346.08,2026-06-06 18:08:52,2026-06-04 18:08:52,Delivered
SH00887,O00887,Chennai Warehouse,250.65,2026-05-27 00:49:21,2026-05-27 00:49:21,Delivered
SH00888,O00888,Bengaluru Warehouse,81.81,2026-07-07 08:27:09,2026-07-06 08:27:09,Delivered
SH00889,O00889,Hyderabad Warehouse,436.52,2026-08-07 15:32:46,2026-08-07 15:32:46,Delivered
SH00890,O00890,Chennai Warehouse,321.94,2026-06-14 12:00:29,2026-06-12 12:00:29,Delivered
SH00891,O00891,Chennai Warehouse,443.09,2026-06-22 15:21:54,2026-06-22 15:21:54,Delivered
SH00892,O00892,Chennai Warehouse,481.89,2026-07-20 06:45:35,2026-07-20 06:45:35,Delivered
SH00893,O00893,Delhi Warehouse,58.99,2026-07-30 00:34:44,,In Transit
SH00894,O00894,Hyderabad Warehouse,373.13,2026-06-28 08:39:48,2026-06-30 08:39:48,Delivered
SH00895,O00895,Chennai Warehouse,208.27,2026-07-25 20:41:21,2026-07-27 20:41:21,Delivered
SH00896,O00896,Delhi Warehouse,440.16,2026-05-31 13:36:30,2026-05-29 13:36:30,Delivered
SH00897,O00897,Delhi Warehouse,211.43,2026-08-09 11:13:02,,In Transit
SH00898,O00898,Chennai Warehouse,410.37,2026-06-19 16:04:24,2026-06-19 16:04:24,Delivered
SH00899,O00899,Bengaluru Warehouse,258.77,2026-08-13 12:33:34,2026-08-11 12:33:34,Delivered
SH00900,O00900,Delhi Warehouse,334.19,2026-07-26 05:49:37,2026-07-27 05:49:37,Delivered
SH00901,O00901,Hyderabad Warehouse,256.42,2026-08-12 04:52:21,2026-08-14 04:52:21,Delivered
SH00902,O00902,Chennai Warehouse,466.96,2026-07-10 13:53:25,,In Transit
SH00903,O00903,Delhi Warehouse,178.43,2026-06-28 15:56:46,2026-06-28 15:56:46,Delivered
SH00904,O00904,Hyderabad Warehouse,180.25,2026-06-20 12:20:03,,In Transit
SH00905,O00905,Mumbai Warehouse,279.12,2026-07-23 15:00:29,2026-07-24 15:00:29,Delivered
SH00906,O00906,Chennai Warehouse,410.24,2026-07-28 13:11:35,2026-07-29 13:11:35,Delivered
SH00907,O00907,Mumbai Warehouse,214.75,2026-08-13 22:20:32,2026-08-13 22:20:32,Delivered
SH00908,O00908,Chennai Warehouse,421.45,2026-08-04 11:59:41,2026-08-06 11:59:41,Delivered
SH00909,O00909,Delhi Warehouse,334.89,2026-07-06 03:27:37,2026-07-04 03:27:37,Delivered
SH00910,O00910,Bengaluru Warehouse,112.69,2026-08-11 11:15:36,2026-08-09 11:15:36,Delivered
SH00911,O00911,Mumbai Warehouse,89.34,2026-07-13 07:07:08,2026-07-14 07:07:08,Delivered
SH00912,O00912,Mumbai Warehouse,478.52,2026-05-23 06:06:40,2026-05-24 06:06:40,Delivered
SH00913,O00913,Bengaluru Warehouse,229.85,2026-07-18 17:14:42,2026-07-23 17:14:42,Delayed
SH00914,O00914,Chennai Warehouse,305.09,2026-05-29 09:53:31,2026-05-28 09:53:31,Delivered
SH00915,O00915,Delhi Warehouse,256.8,2026-06-10 13:30:52,,In Transit
SH00916,O00916,Bengaluru Warehouse,268.38,2026-07-22 01:10:19,2026-07-24 01:10:19,Delivered
SH00917,O00917,Delhi Warehouse,323.5,2026-07-24 05:13:36,,In Transit
SH00918,O00918,Bengaluru Warehouse,163.94,2026-08-17 04:22:50,2026-08-19 04:22:50,Delivered
SH00919,O00919,Bengaluru Warehouse,389.06,2026-06-15 16:06:06,2026-06-15 16:06:06,Delivered
SH00920,O00920,Delhi Warehouse,433.98,2026-06-11 20:32:30,,In Transit
SH00921,O00921,Delhi Warehouse,374.0,2026-07-30 06:33:07,2026-08-01 06:33:07,Delivered
SH00922,O00922,Hyderabad Warehouse,173.37,2026-05-31 13:03:33,2026-06-01 13:03:33,Delivered
SH00923,O00923,Mumbai Warehouse,317.11,2026-06-30 21:41:13,2026-06-30 21:41:13,Delivered
SH00924,O00924,Mumbai Warehouse,97.61,2026-05-30 07:50:57,2026-05-29 07:50:57,Delivered
SH00925,O00925,Mumbai Warehouse,211.43,2026-08-03 14:15:00,2026-08-04 14:15:00,Delivered
SH00926,O00926,Delhi Warehouse,202.38,2026-07-22 07:11:59,2026-07-22 07:11:59,Delivered
SH00927,O00927,Delhi Warehouse,463.0,2026-07-29 02:38:41,2026-07-31 02:38:41,Delivered
SH00928,O00928,Chennai Warehouse,157.48,2026-08-16 11:43:02,2026-08-15 11:43:02,Delivered
SH00929,O00929,Bengaluru Warehouse,195.42,2026-05-31 12:39:32,2026-05-31 12:39:32,Delivered
SH00930,O00930,Delhi Warehouse,197.94,2026-07-03 20:18:22,2026-07-03 20:18:22,Delivered
SH00931,O00931,Mumbai Warehouse,142.69,2026-06-04 22:07:05,2026-06-04 22:07:05,Delivered
SH00932,O00932,Delhi Warehouse,475.39,2026-07-27 03:36:00,2026-07-25 03:36:00,Delivered
SH00933,O00933,Bengaluru Warehouse,208.64,2026-06-20 20:16:00,2026-06-19 20:16:00,Delivered
SH00934,O00934,Mumbai Warehouse,283.64,2026-08-15 11:35:27,2026-08-16 11:35:27,Delivered
SH00935,O00935,Hyderabad Warehouse,465.48,2026-05-24 13:54:44,2026-05-24 13:54:44,Delivered
SH00936,O00936,Chennai Warehouse,67.12,2026-05-26 05:37:37,2026-05-27 05:37:37,Delivered
SH00937,O00937,Mumbai Warehouse,426.72,2026-06-20 06:18:28,2026-06-19 06:18:28,Delivered
SH00938,O00938,Mumbai Warehouse,178.1,2026-08-09 01:36:32,2026-08-11 01:36:32,Delivered
SH00939,O00939,Bengaluru Warehouse,337.26,2026-05-28 05:13:39,2026-05-29 05:13:39,Delivered
SH00940,O00940,Mumbai Warehouse,212.75,2026-06-18 06:03:24,2026-06-17 06:03:24,Delivered
SH00941,O00941,Chennai Warehouse,475.78,2026-06-26 13:44:25,2026-06-27 13:44:25,Delivered
SH00942,O00942,Mumbai Warehouse,141.29,2026-06-26 03:54:11,2026-06-28 03:54:11,Delivered
SH00943,O00943,Chennai Warehouse,185.53,2026-06-29 14:01:59,2026-07-04 14:01:59,Delayed
SH00944,O00944,Mumbai Warehouse,304.93,2026-06-01 21:39:44,2026-06-02 21:39:44,Delivered
SH00945,O00945,Chennai Warehouse,280.37,2026-06-12 11:28:53,2026-06-10 11:28:53,Delivered
SH00946,O00946,Bengaluru Warehouse,375.38,2026-07-12 08:10:03,2026-07-11 08:10:03,Delivered
SH00947,O00947,Hyderabad Warehouse,57.06,2026-07-02 18:36:37,2026-06-30 18:36:37,Delivered
SH00948,O00948,Bengaluru Warehouse,139.56,2026-07-12 17:10:05,2026-07-12 17:10:05,Delivered
SH00949,O00949,Bengaluru Warehouse,92.13,2026-07-25 23:10:13,2026-07-26 23:10:13,Delivered
SH00950,O00950,Chennai Warehouse,342.61,2026-08-05 17:09:52,2026-08-04 17:09:52,Delivered
SH00951,O00951,Bengaluru Warehouse,356.8,2026-06-10 06:01:23,2026-06-09 06:01:23,Delivered
SH00952,O00952,Chennai Warehouse,411.43,2026-06-04 06:33:03,2026-06-04 06:33:03,Delivered
SH00953,O00953,Hyderabad Warehouse,212.72,2026-06-08 18:24:05,2026-06-09 18:24:05,Delivered
SH00954,O00954,Hyderabad Warehouse,493.67,2026-05-29 10:28:11,,In Transit
SH00955,O00955,Chennai Warehouse,275.52,2026-07-17 22:40:44,2026-07-19 22:40:44,Delayed
SH00956,O00956,Mumbai Warehouse,440.07,2026-08-14 07:39:49,2026-08-19 07:39:49,Delayed
SH00957,O00957,Delhi Warehouse,390.62,2026-06-29 21:51:11,2026-06-28 21:51:11,Delivered
SH00958,O00958,Delhi Warehouse,451.34,2026-07-17 22:29:24,2026-07-17 22:29:24,Delivered
SH00959,O00959,Chennai Warehouse,462.92,2026-07-24 02:16:45,,In Transit
SH00960,O00960,Chennai Warehouse,257.92,2026-06-12 03:38:03,2026-06-10 03:38:03,Delivered
SH00961,O00961,Chennai Warehouse,337.2,2026-07-09 02:06:32,2026-07-14 02:06:32,Delayed
SH00962,O00962,Hyderabad Warehouse,482.73,2026-08-18 09:30:21,2026-08-17 09:30:21,Delivered
SH00963,O00963,Chennai Warehouse,411.74,2026-07-14 09:18:53,2026-07-15 09:18:53,Delivered
SH00964,O00964,Bengaluru Warehouse,290.96,2026-06-01 15:56:55,2026-05-30 15:56:55,Delivered
SH00965,O00965,Chennai Warehouse,193.87,2026-06-14 07:29:54,2026-06-14 07:29:54,Delivered
SH00966,O00966,Mumbai Warehouse,402.32,2026-07-05 13:01:02,2026-07-07 13:01:02,Delivered
SH00967,O00967,Bengaluru Warehouse,215.3,2026-07-22 16:53:08,2026-07-23 16:53:08,Delivered
SH00968,O00968,Chennai Warehouse,192.4,2026-06-12 10:16:13,2026-06-14 10:16:13,Delivered
SH00969,O00969,Hyderabad Warehouse,63.18,2026-07-02 09:20:13,2026-07-03 09:20:13,Delivered
SH00970,O00970,Chennai Warehouse,249.05,2026-06-14 13:24:52,2026-06-15 13:24:52,Delivered
SH00971,O00971,Delhi Warehouse,66.9,2026-07-23 12:18:42,2026-07-22 12:18:42,Delivered
SH00972,O00972,Chennai Warehouse,257.32,2026-05-22 16:21:28,2026-05-24 16:21:28,Delivered
SH00973,O00973,Chennai Warehouse,421.36,2026-08-14 01:04:08,2026-08-14 01:04:08,Delivered
SH00974,O00974,Mumbai Warehouse,53.31,2026-08-04 21:23:28,2026-08-06 21:23:28,Delivered
SH00975,O00975,Delhi Warehouse,251.38,2026-07-02 22:34:44,2026-07-04 22:34:44,Delivered
SH00976,O00976,Bengaluru Warehouse,158.11,2026-08-14 06:25:49,,In Transit
SH00977,O00977,Hyderabad Warehouse,348.81,2026-06-18 16:41:26,,In Transit
SH00978,O00978,Mumbai Warehouse,383.59,2026-07-28 13:24:29,2026-07-31 13:24:29,Delayed
SH00979,O00979,Bengaluru Warehouse,62.53,2026-07-12 20:07:34,2026-07-12 20:07:34,Delivered
SH00980,O00980,Mumbai Warehouse,169.75,2026-06-04 02:34:12,,In Transit
SH00981,O00981,Delhi Warehouse,362.03,2026-05-29 22:34:15,2026-05-30 22:34:15,Delivered
SH00982,O00982,Delhi Warehouse,357.89,2026-07-03 15:45:54,,In Transit
SH00983,O00983,Chennai Warehouse,285.22,2026-06-21 07:41:11,2026-06-23 07:41:11,Delivered
SH00984,O00984,Mumbai Warehouse,208.5,2026-07-15 19:36:05,2026-07-14 19:36:05,Delivered
SH00985,O00985,Delhi Warehouse,398.72,2026-06-16 19:32:24,2026-06-15 19:32:24,Delivered
SH00986,O00986,Hyderabad Warehouse,201.36,2026-07-24 19:17:43,2026-07-27 19:17:43,Delayed
SH00987,O00987,Chennai Warehouse,315.86,2026-06-30 23:10:18,,In Transit
SH00988,O00988,Hyderabad Warehouse,302.97,2026-07-27 19:00:26,2026-07-28 19:00:26,Delivered
SH00989,O00989,Mumbai Warehouse,139.19,2026-06-12 01:13:52,2026-06-11 01:13:52,Delivered
SH00990,O00990,Mumbai Warehouse,428.49,2026-07-05 02:57:53,2026-07-04 02:57:53,Delivered
SH00991,O00991,Bengaluru Warehouse,153.68,2026-08-12 20:09:40,2026-08-15 20:09:40,Delayed
SH00992,O00992,Mumbai Warehouse,415.16,2026-06-17 02:27:17,2026-06-15 02:27:17,Delivered
SH00993,O00993,Chennai Warehouse,148.86,2026-06-10 02:40:10,2026-06-08 02:40:10,Delivered
SH00994,O00994,Chennai Warehouse,329.9,2026-06-26 02:51:37,2026-06-27 02:51:37,Delivered
SH00995,O00995,Chennai Warehouse,330.16,2026-08-09 14:52:33,2026-08-11 14:52:33,Delivered
SH00996,O00996,Mumbai Warehouse,426.53,2026-07-09 16:25:00,2026-07-09 16:25:00,Delivered
SH00997,O00997,Chennai Warehouse,249.67,2026-05-30 02:58:49,2026-05-31 02:58:49,Delivered
SH00998,O00998,Chennai Warehouse,323.46,2026-06-15 19:11:22,2026-06-13 19:11:22,Delivered
SH00999,O00999,Delhi Warehouse,397.16,2026-06-27 19:06:12,,In Transit
SH01000,O01000,Delhi Warehouse,409.59,2026-07-14 07:08:12,2026-07-13 07:08:12,Delivered
